IDX,score
1,31.7512
2,364.9
3,184.4553
4,363.95
5,186.7
8,362.8
9,361.9
10,96.5742
11,109.3968
12,190.9689
13,361.9
16,361.3
19,362.2053
20,361.15
21,373.9878
22,364.4606
23,187.3106
24,361.9
25,184.4553
26,191.6325
28,425.51
32,363.85
33,281.4106
34,363.85
35,364.45
36,364.7553
37,364.45
38,9.7696
39,364.45
40,371.9
41,364.45
42,94.7053
43,184.4553
44,277.35
45,184
46,361.75
47,365.2053
48,364.7659
49,285.3795
50,364.45
51,184.4553
52,184.4553
53,361.3
54,361.9
55,361.9
56,365.0606
57,363.85
58,187.9689
59,365.0606
60,185.0553
61,364.1553
62,364.45
63,364.7659
64,362.2
65,365.7189
66,365.3659
67,362.5053
68,285.1219
69,361.9
70,371.3
71,381.156
72,369.6878
73,456.8
74,371.3
75,190.8348
76,284.7689
77,377.7977
78,378.7136
79,185.95
80,255.3606
81,362.2053
82,361.75
83,471.996
84,188.2318
85,364.45
86,364.9
87,187.0265
88,247.55
89,363.85
90,280.8
91,377.7977
92,361.3
93,254.5553
94,271.5977
95,362.35
96,363.1053
97,364.9371
98,271.8553
99,364.4606
100,364.45
101,364.4606
102,364.45
103,352.0106
104,184.4553
105,184.4553
106,350.0659
107,281.1053
108,364.4606
109,194.0325
110,361.3
111,361.9
112,363.95
113,361.9
114,371.9
115,371.9
116,380.165
117,279.6
118,364.4818
119,274.956
120,290.5696
121,284.1583
122,282.0212
123,362.0659
124,362.0659
125,362.0659
126,362.0659
127,362.0659
128,362.0659
129,362.0659
130,362.0659
131,362.0659
132,362.0659
133,362.0659
134,362.0659
135,269.3053
136,248.15
137,364.9
138,95.3265
139,363.85
140,365.0606
141,361.9
142,362.8
143,178.7606
144,342.05
145,364.45
146,286.6007
147,185.2106
148,361.9
149,362.35
150,370.3954
151,364.45
153,186.4424
154,362.5212
155,285.3362
156,362.65
157,361.3
158,343.15
159,270.0712
160,361.9
161,93.2053
162,256.25
163,364.9
164,367.953
165,102.9961
166,93.5212
167,363.4212
168,362.8106
169,362.5053
170,362.8106
171,363.7265
172,95.3159
173,271.8553
174,365.35
175,362.9712
176,362.9712
177,361.9
178,194.306
179,184.7606
180,362.8
181,362.8
182,364.4606
183,363.7
184,363.7
185,364.45
186,361.9
187,362.65
188,373.4961
189,271.5977
190,364.7553
191,361.75
192,186.1265
193,364.9
194,362.3606
195,364.0318
196,362.9818
197,363.5659
198,362.8
199,270.0712
200,270.0712
201,185.2212
202,361.9
203,361.9
204,361.9
205,361.9
206,189.753
207,363.85
208,361.9
209,363.85
210,361.9
211,278.009
212,365.9765
213,364.45
214,361.75
215,361.9
216,361.9
217,184
218,367.8083
219,352.9106
220,361.9
221,184.4553
222,186.7477
223,187.9212
224,364.45
225,435
226,185.65
228,435.9159
229,362.8
230,185.756
231,361.9
232,349.3
233,269
234,185.9553
235,381.9256
236,367.3265
237,98.406
238,364.4606
239,362.0659
240,371.9
241,435
242,361.3
243,371.9
244,364.4606
245,363.85
246,272.8659
247,364.45
248,188.5371
249,270.6606
250,270.05
251,189.1424
252,188.2265
254,364.0318
255,361.4553
256,363.95
257,364.1553
258,271.55
259,371.9
260,366.2818
261,361.9
262,179.6871
263,179.3818
264,349.9106
265,349.3
266,349.3
267,349.3
268,349.3
269,349.3
270,364.45
271,187.6053
272,351.4
273,361.4553
274,371.3
275,363.2606
276,363.2606
277,365.35
278,248.15
279,273.0765
280,361.7
281,187.9689
282,361.9
283,186.7
284,379.0666
285,184.4553
286,273.0765
287,223.036
288,362.2
289,191.9378
290,361.9
291,270.9765
292,270.6712
293,278.25
294,274.603
295,361.9
296,362.2053
299,361.75
300,361.3
301,362.5106
302,362.2053
303,362.35
304,188.253
305,94.7424
306,364.1553
307,365.35
308,342.55
309,185.0553
310,361.7
311,362.8
313,345.8113
314,187.5083
315,371.9
316,362.2
317,185.2212
318,185.5265
319,281.1053
320,365.35
321,341.95
322,255.0553
323,94.7053
324,363.85
325,364.4606
326,365.0606
327,364.15
328,351.85
329,362.8
330,92.1553
331,449.6553
332,363.85
333,364.45
334,364.45
335,364.45
336,365.8159
337,364.15
338,364.15
339,364.75
340,351.85
341,287.5166
342,92.1553
343,362.35
344,257.3
345,374.45
346,352.6212
347,364.45
348,270.0712
349,364.45
350,163.5106
351,255.2106
352,361.9
353,361.9
354,364.4606
355,364.9
356,361.9
357,361.9
358,368.7348
359,365.9871
360,367.2083
361,435
362,364.45
363,365.3659
364,271.55
365,364.45
366,365.2053
367,366.2659
368,363.85
369,362.2
370,369.2219
371,362.6659
372,361.75
373,361.9
374,368.5636
375,364.45
376,187.6053
377,362.2
378,284.7689
379,364.803
380,364.803
381,191.6325
382,365.6818
383,178.15
384,364.1553
385,364.45
386,186.4159
387,363.95
388,371.9
389,371.9
390,365.6553
391,92.7659
392,361.7
393,361.3
394,361.9
395,362.2053
396,187.0053
397,465.1401
398,270.95
399,371.3
400,364.45
401,361.9
402,371.9
403,371.9
404,371.9
405,371.9
406,371.9
407,371.9
408,371.9
409,371.9
410,371.9
411,364.1553
412,188.2
413,188.8053
414,248.15
415,367.8189
416,348.7
417,362.35
418,361.9
419,361.9
420,274.956
421,188.5053
422,362.5159
423,273.0765
424,188.5053
425,270.05
426,270.3553
427,361.9
428,361.9
429,361.9
430,364.45
431,188.2
432,364.45
433,189.1159
434,280.05
435,366.2924
436,361.9
437,349.9212
438,280.05
439,371.9
441,361.9
442,187.6371
443,185.2106
444,363.85
445,363.85
446,363.85
447,184.4553
448,362.8
449,187.3
450,361.9
451,364.9
452,282.4212
453,188.2
454,343.15
455,187.3
456,362.8
457,364.9
458,363.85
459,285.203
460,124.3565
461,188.2
462,342.2553
463,351.7053
464,185.3606
467,94.4
468,91.85
469,363.85
470,364.45
471,376.003
472,185.0553
475,188.2159
476,272.1606
477,371.9
478,371.4
479,371.9
480,361.25
482,284.8871
483,95.0477
484,186.4424
485,186.7477
486,361.9
487,361.9
488,361.9
489,361.9
490,361.9
491,187.3
492,364.9
493,364.45
494,364.45
495,364.5083
496,362.9818
497,279.6265
498,363.85
499,364.45
500,271.8553
501,365.5106
503,365.6553
504,364.7659
505,189.1159
506,436.9659
507,273.7136
508,361.3
509,353.2318
510,361.9
511,361.9
512,285.5136
513,362.2
514,362.2
515,362.2
516,270.1659
517,192.5378
518,185.5265
519,189.8007
520,185.65
521,451.103
523,363.5659
524,518.0575
543,187.3106
544,362.65
545,184.9159
546,189.8007
554,361.9
555,361.9
556,361.9
557,269
558,361.9
559,361.9
560,361.9
561,361.9
562,361.3
563,361.9
564,364.7659
565,337.9372
566,272.9083
567,361.9
568,362.2159
569,372.35
570,285.2295
571,189.1636
572,449.1
573,365.35
574,189.1424
576,363.85
577,374.45
578,367.0371
579,361.9
580,189.1424
582,364.45
583,361.9
584,189.4212
586,189.4212
587,370.1537
588,364.45
589,188.5053
590,188.5053
591,361.15
592,363.85
593,371.9
594,364.45
595,365.6553
596,364.45
597,367.8189
598,362.0553
599,281.7053
600,92.9106
601,187.9
602,363.6
603,269.5
604,365.3659
605,281.4106
606,371.9
607,364.4606
608,363.85
609,364.45
610,190.0318
611,95.4871
612,188.2159
613,343.45
614,365.0606
615,269.7659
616,186.1106
617,104.1961
618,187.3
619,361.9
620,361.9
621,361.9
622,361.9
623,367.5136
624,367.2083
625,270.3553
626,374.45
627,187.9106
628,363.85
629,9.159
630,364.45
631,369.0401
632,280.65
633,187.3106
634,365.0606
635,95.0106
636,187.3
637,369.0401
638,342.55
639,365.5106
640,339.25
641,365.35
642,254.9053
643,364.1553
644,371.9
645,371.9
646,375.3553
647,375.05
648,282.7871
649,365.6712
650,368.1613
651,256.7
652,364.7659
653,364.1553
654,270.8053
655,339.25
656,187.0053
657,185.2212
658,281.7159
659,281.7159
660,281.7159
661,101.459
664,187.9106
665,187.0053
666,361.9
667,92.7053
668,254.75
669,370.5666
670,281.4106
671,365.35
672,282.9371
673,281.1053
674,281.1053
675,436.6606
676,363.5924
677,271.55
678,371.9
679,371.9
680,371.75
681,362.8
682,351.4
683,364.9
684,362.5053
685,363.1318
686,269.4606
687,361.75
688,366.2818
689,371.6106
690,365.3659
691,184.9053
692,361.9
693,361.9
694,271.55
695,190.6742
696,364.45
697,361.4
698,364.45
699,446.2
700,274.9348
701,188.5053
703,364.1553
704,342.8659
705,361.75
706,361.9
707,361.9
708,351.7053
709,363.85
710,188.5
711,188.8106
712,272.1606
713,367.503
714,364.7659
715,364.5083
716,188.8371
717,282.9371
718,187.6159
719,379.4583
720,183.8984
721,92.9
722,281.7053
723,364.1553
724,184.9053
725,94.7424
726,280.8371
727,187.9689
728,367.5348
729,188.8053
730,184.3053
731,364.45
732,186.4318
733,185.5265
735,361.9
736,361.9
737,361.9
738,361.9
739,361.9
742,367.4871
743,363.4106
744,363.85
745,363.85
746,189.1159
747,371.9
748,94.5712
749,339.4
750,187.0053
751,269
752,361.9
754,364.45
755,363.85
756,363.85
757,93.8159
758,189.4477
759,187.9212
760,364.7659
761,281.7159
762,187.7977
763,339.25
764,366.2659
765,186.1371
766,255.5159
767,364.45
768,339.25
769,184.9053
770,376.5544
771,437.55
772,96.2689
774,363.95
775,371.9
776,339.85
777,340
778,371.9
779,94.7053
780,185.0553
781,269.1553
783,361.3
784,187.5083
785,187.203
786,190.256
787,365.3659
788,187.6053
789,271.9053
790,351.4
791,362.6659
792,364.45
793,361.9
794,361.9
795,362.65
796,361.75
797,255.0553
798,371.4
799,103.2908
800,364.4606
801,188.5053
802,361.9
804,187.0053
805,355.3053
806,376.8818
807,187.3
808,271.903
809,361.9
810,184.4553
811,364.45
812,389.424
813,361.9
814,185.5
815,100.3984
816,362.5053
817,362.2
818,364.7553
819,365.35
820,364.45
821,361.9
822,87.6924
823,364.9
824,364.45
825,93.8265
826,374.45
827,364.4606
828,189.7265
829,274.0606
830,289.1984
831,187.3318
832,278.2272
833,365.2053
834,363.85
835,364.7553
836,365.35
837,363.85
838,187.6159
839,274.9818
840,122.83
841,285.7088
842,271.6659
843,365.35
844,364.45
845,190.0318
846,94.4
847,186.7
848,364.45
849,93.8159
850,361.9
851,364.45
852,361.9
853,283.0553
854,191.2848
855,273.1659
856,361.9
857,361.9
858,271.8553
859,349.3
860,371.9
861,185.65
862,186.7
863,271.8553
864,345.2977
865,255.0553
866,361.75
867,361.75
868,362.5053
869,362.2
870,361.4
871,365.9606
872,257.6053
873,253.0454
874,270.3553
875,364.1553
876,362.9553
877,283.5318
878,364.45
879,364.9
880,341.95
881,271.55
882,364.5606
883,364.4818
884,184.6
885,361.9
886,281.7
887,361.75
888,93.0106
889,187.0265
890,366.1212
891,361.75
892,362.2
893,275.9083
894,364.6318
895,362.6659
896,281.5765
897,99.2848
898,361.9
899,361.9
900,349.3
901,364.7553
902,446.65
903,446.65
904,446.65
905,364.45
906,378.7136
907,339.4
908,446.65
909,368.1242
910,189.1159
911,362.9712
912,437.55
913,199.5226
914,362.8
915,361.15
916,349.3
917,350.8371
918,361.9
919,270.05
920,361.3
921,365.703
922,188.2
923,188.2
925,272.1606
926,273.8242
927,371.9
928,187.6159
929,186.7
930,343.4659
931,101.009
932,361.3
933,361.9
934,361.9
935,284.356
937,269.45
938,364.203
939,287.5166
940,361.9
941,349.9212
942,189.7901
943,363.2606
944,186.7
945,268.85
946,364.45
947,269.4
948,351.7053
949,361.9
950,361.9
951,190.4007
952,361.9
953,343.15
954,94.1212
955,366.4106
956,362.5053
957,348.25
958,355.25
959,437.55
960,363.1
961,371.9
962,278.25
963,435
964,184.3053
965,364.45
966,362.2
967,362.2
968,343.15
969,361.15
970,278.4
971,257.3
972,186.7
973,361.75
974,163.5106
975,341.95
976,361.3
977,181.5189
978,94.8765
979,187.0053
980,279.3159
981,361.75
982,361.75
983,361.75
984,185.8212
985,361.3
986,361.3
987,342.55
988,348.7
989,361.3
990,184.15
991,343.15
992,435
993,270.95
994,361.3
995,364.45
996,270.95
997,437.55
998,250.5924
999,361.9
1000,271.8553
1001,187.3
1002,361.15
1003,361.9
1004,365.3659
1005,361.9
1006,361.4
1007,271.2765
1008,343.45
1009,364.7553
1010,343.15
1011,93.2053
1012,343.15
1013,361.9
1014,187.3583
1015,364.45
1016,94.4477
1017,364.45
1018,270.6606
1019,270.9659
1020,343.15
1021,186.4318
1022,365.3659
1023,365.0606
1024,365.0606
1025,365.9606
1026,364.4606
1027,364.4606
1028,446.55
1029,340
1030,246.95
1031,92.9106
1032,447.45
1033,277.9159
1034,362.2
1035,340
1036,249.6765
1037,446.85
1038,258.2159
1039,93.8265
1040,279.15
1041,434.4
1042,186.7
1043,364.45
1044,362.0553
1045,365.6712
1046,361.3
1047,187.3
1048,93.5212
1049,364.9
1050,340.3159
1051,361.9
1052,349.3
1053,269.8553
1054,270.5
1055,270.05
1056,269.45
1057,269.45
1058,251.5083
1059,364.75
1060,361.3
1061,281.1053
1062,187.0053
1063,363.85
1064,188.9553
1065,275.4265
1066,188.3606
1067,446.55
1068,185.2212
1069,187.4765
1070,364.75
1071,362.0553
1072,449.05
1073,364.15
1074,449.05
1075,364.45
1076,364.1553
1077,449.05
1078,187.6053
1079,352.6212
1080,344.2053
1081,364.45
1082,361.15
1083,361.9
1084,371.9
1085,449.65
1086,449.65
1087,281.25
1088,365.35
1089,365.35
1090,363.5924
1091,364.75
1092,339.4
1093,339.4
1094,361.75
1096,361.9
1097,361.9
1098,361.9
1099,361.9
1100,362.2
1101,257.6053
1102,281.4106
1103,188.8106
1104,184.15
1105,365.3659
1106,361.9
1107,272.8083
1108,361.75
1109,362.2
1110,362.5053
1111,363.85
1112,363.95
1113,361.3
1114,363.7106
1115,364.1553
1116,248.15
1117,270.9765
1118,185.65
1119,186.5818
1120,185.65
1121,364.7553
1122,365.3659
1123,187.0053
1124,272.8659
1126,186.1371
1127,184.15
1128,363.95
1129,362.0553
1130,186.7212
1131,187.3
1132,184.15
1133,377.8189
1134,361.9
1135,365.0712
1136,364.4606
1137,185.2106
1138,361.6
1139,447.1
1140,280.05
1141,271.9053
1142,364.75
1143,364.45
1144,364.1553
1145,364.45
1146,361.6053
1147,371.3
1148,362.3606
1149,364.1765
1150,361.75
1151,361.15
1152,364.45
1153,449.6553
1154,365.0606
1155,371.9
1156,362.2
1157,255.0553
1158,281.4106
1159,362.2
1160,364.45
1161,364.45
1162,364.75
1163,364.75
1164,364.75
1165,193.7696
1166,280.05
1167,276.2242
1168,186.4159
1169,361.9
1170,383.3892
1175,339.7053
1177,187.0053
1178,281.1053
1179,361.9
1180,361.9
1181,361.9
1182,367.0212
1183,282.0212
1184,281.7159
1185,365.6553
1186,364.45
1187,361.9
1188,364.45
1189,278.25
1190,364.45
1191,361.9
1192,365.2371
1193,364.45
1195,361.9
1196,361.9
1197,365.8
1198,372.35
1199,255.3606
1200,361.9
1201,364.75
1202,187.6159
1203,435
1204,434.4
1205,361.9
1206,372.8
1207,187.9424
1208,187.3106
1209,365.6553
1210,184.15
1211,361.9
1212,361.9
1213,362.2
1214,449.05
1215,340.1659
1216,450.5553
1217,187.3159
1218,371.9
1219,362.2
1220,361.9
1221,362.2
1222,361.9
1223,364.45
1224,362.2
1226,363.95
1227,361.9
1228,371.9
1229,187.9212
1230,365.2371
1231,361.9
1232,361.9
1233,371.9
1234,185.5265
1235,187.3
1236,362.2
1237,446.5
1238,361.9
1239,361.9
1240,93.35
1241,357.2818
1242,371.9
1243,364.45
1244,361.9
1245,254.9053
1246,278.4643
1247,200.7491
1248,162.9
1249,447.1
1250,375.3765
1251,364.45
1252,352.75
1253,372.95
1254,361.9
1255,176.95
1256,269.8053
1257,277.5
1258,364.7553
1259,364.45
1260,188.8106
1261,162.9
1262,187.9
1264,352.0106
1265,270.3765
1266,178.1053
1267,361.75
1268,361.3
1269,361.6
1270,363.85
1271,352.0106
1272,361.9
1273,361.9
1274,187.3
1275,164.1212
1276,361.9
1277,434.4
1278,361.9
1279,164.7053
1280,270.05
1281,362.2
1282,371.9
1283,272.7712
1284,374.45
1285,270.6606
1286,362.8106
1288,275.9189
1289,351.4
1290,283.0818
1291,361.9
1292,361.3
1293,365.4242
1294,371.9
1295,361.9
1296,361.9
1297,361.9
1298,361.3
1299,364.45
1300,361.3
1301,280.3553
1302,365.0606
1303,277.35
1304,361.75
1305,361.9
1306,362.6765
1307,366.5712
1308,429.4795
1309,435.9
1310,177.65
1311,184.6
1312,435.3053
1313,184.3053
1314,361.75
1315,363.95
1316,361.3
1317,184.25
1318,186.1371
1319,185.5265
1320,364.45
1321,361.75
1322,364.45
1323,362.2053
1324,343.45
1325,271.55
1326,92.9
1327,361.9
1328,270.3553
1329,362.5106
1330,371.6
1331,371.9
1332,187.9424
1333,364.45
1334,364.45
1335,371.9
1336,185.8053
1337,271.8553
1338,93.2159
1339,189.1159
1340,185.65
1341,273.6871
1342,185.65
1343,187.3
1344,185.65
1345,362.2
1346,272.1606
1347,362.2
1348,362.2
1349,340.4712
1350,361.9
1351,361.9
1352,361.9
1353,365.6553
1354,94.7053
1355,254.9053
1356,450.0053
1357,361.3
1358,436.95
1359,361.4
1360,180.603
1361,269.7553
1362,270.95
1363,272.4659
1364,184.3053
1365,270.95
1366,371.9
1367,184.3053
1368,184
1369,187.9424
1370,187.6371
1371,268.85
1372,189.7424
1373,98.4166
1374,438.1712
1375,361.9
1376,348.8
1377,364.1553
1378,363.85
1379,247.1
1380,355.3
1381,254.9053
1382,273.0765
1383,283.6659
1384,255.5159
1385,342.55
1386,365.0712
1387,185.5265
1388,278.4
1389,361.4
1390,278.4
1391,437.55
1392,437.8553
1393,271.55
1394,92.0053
1395,185.8
1396,363.85
1397,375.05
1398,364.45
1399,364.45
1400,255.0553
1401,255.0553
1402,361.9
1403,361.4
1404,340
1405,361.3
1406,362.65
1407,364.7553
1408,186.4159
1409,365.6553
1410,364.4606
1411,374.45
1412,371.45
1413,188.2477
1414,270.3553
1415,256.7159
1416,254.9159
1417,361.75
1418,362.65
1419,362.65
1420,362.65
1421,96.2318
1422,364.1553
1423,365.35
1424,339.4
1425,348.25
1427,364.9
1428,364.9
1429,364.7553
1430,364.7553
1431,186.5606
1432,340.1659
1433,187.3583
1434,186.5606
1435,364.45
1436,272.7583
1437,190.0583
1438,184.9053
1439,272.8659
1440,187.3106
1441,187.3106
1442,362.65
1443,185.9818
1444,373.4159
1445,280.65
1446,111.5339
1447,434.4
1448,361.3
1449,364.4606
1450,187.3106
1451,192.5007
1452,375.3553
1453,361.6053
1454,361.3
1455,363.85
1456,187.0053
1457,185.6765
1458,185.6765
1459,361.3
1460,376.1
1461,187.6053
1462,434.4
1463,187.9212
1464,187.9212
1465,270.05
1466,95.0106
1467,434.4
1468,186.7
1469,361.9
1470,361.4
1471,361.4
1472,187.0053
1473,361.4
1474,187.3
1475,364.4606
1476,365.9871
1477,348.25
1478,364.9318
1479,95.0106
1480,269
1481,187.9212
1482,364.1553
1483,279.15
1484,186.5606
1485,364.45
1486,365.5636
1487,279.15
1488,279.15
1489,279.15
1490,257
1491,361.9
1492,372.8053
1493,285.0742
1494,272.55
1495,187.9106
1496,363.2606
1498,361.15
1499,283.7136
1500,93.5212
1501,184.6106
1502,269.05
1503,339.7053
1504,186.5924
1505,283.6659
1506,375.05
1507,339.85
1508,188.5053
1509,188.2159
1510,351.4
1511,363.85
1512,92.3106
1513,184.75
1514,362.0659
1516,186.7
1517,363.85
1518,364.45
1522,189.1424
1523,364.9
1524,364.7553
1525,281.4053
1526,271.55
1527,364.45
1528,188.8106
1529,187.3
1530,361.9
1531,255.0553
1532,185.65
1533,187.3106
1535,433.6553
1536,271.55
1537,257.6053
1538,371.3
1539,361.9
1540,371.9
1541,371.9
1542,371.9
1543,361.9
1544,371.3
1545,271.55
1546,101.459
1547,273.4765
1548,91.7
1549,301.83
1550,272.7712
1551,342.2
1552,257.3
1553,257.6053
1554,279.6
1555,270.3659
1556,365.35
1557,375.6606
1558,280.65
1559,365.0606
1560,365.6106
1562,364.4606
1563,371.9
1564,364.45
1565,364.203
1566,364.6424
1567,280.05
1568,280.9553
1569,94.4
1570,364.4606
1571,364.1553
1572,364.4606
1573,256.8
1574,361.9
1575,363.85
1576,188.2159
1577,365.2053
1578,368.2424
1579,270.6712
1580,374.0265
1581,362.8
1582,269.1553
1583,435
1585,343.45
1586,279
1587,343.15
1588,361.9
1589,361.9
1590,361.9
1591,361.75
1592,249.65
1593,364.7871
1594,376.9295
1595,364.9
1597,361.3
1598,92.9106
1599,187.6636
1600,434.4
1601,361.15
1602,279.15
1603,361.9
1604,361.9
1605,188.65
1606,373.1
1607,355.6053
1608,362.8
1609,364.9
1610,188.5
1611,189.7424
1612,371.9
1613,269.7659
1614,361.9
1615,184.7606
1617,95.353
1618,191.8795
1619,184.15
1620,184.4553
1621,184.15
1622,371.9
1623,190.7871
1624,188.8265
1625,365.0712
1626,371.9
1627,371.3
1628,371.9
1629,184.75
1630,184.15
1631,364.1553
1632,364.7553
1633,273.3818
1634,269.6553
1635,184.7606
1636,365.6553
1637,365.2053
1638,185.8053
1639,361.75
1640,362.9553
1641,434.85
1642,189.1901
1643,271.55
1644,187.6636
1645,456.8
1646,371.9
1647,371.3
1648,184.15
1649,95.0106
1650,186.7477
1651,163.2053
1652,373.95
1653,370.4325
1654,281.8606
1655,343.15
1656,364.45
1657,271.55
1658,270.05
1659,366.6
1660,342.55
1661,0
1662,187.9106
1663,185.65
1664,186.2606
1665,185.65
1666,363.95
1667,371.9
1670,187.9106
1671,371.4
1672,371.75
1673,364.45
1674,364.9
1675,211.8581
1676,341.3553
1677,94.4
1678,93.2265
1679,187.203
1680,281.7053
1681,92.0053
1682,188.2265
1683,362.9553
1684,374.9
1685,374.9
1687,188.2265
1688,254.3053
1689,364.4606
1690,377.1765
1691,435.0553
1692,92.3106
1693,94.4
1694,271.8553
1695,93.3765
1696,362.8
1697,186.2606
1698,372.2
1699,188.9553
1700,94.7424
1701,279.6
1702,177.8553
1703,283.4832
1704,190.0795
1705,185.8212
1706,361.9
1707,439.4083
1708,282.0212
1709,190.0583
1710,372.8
1711,93.2265
1712,364.7553
1713,184.15
1714,254.9053
1715,187.6053
1716,361.9
1717,250.603
1718,187.6053
1719,365.9
1720,362.0659
1721,269.1553
1722,361.75
1723,269.55
1724,188.2159
1725,187.0053
1726,271.55
1727,362.5053
1728,362.5053
1729,361.9
1730,362.3606
1732,111.218
1733,184.4553
1734,361.9
1735,362.65
1736,94.4
1737,188.5212
1738,339.85
1739,270.05
1740,364.45
1741,362.3606
1742,95.0106
1743,189.4212
1744,184.4553
1745,93.5318
1746,184.3053
1747,365.5583
1748,93.8371
1749,93.5212
1750,361.7606
1751,272.4659
1752,437.55
1753,362.3606
1754,94.7053
1755,361.75
1757,190.0636
1758,371.6
1759,280.05
1760,362.65
1761,270.8318
1762,367.4871
1763,376.8712
1764,435
1765,361.9
1766,349.3
1767,349.3
1768,274.603
1769,371.9
1770,188.5318
1771,96.8689
1773,349.7606
1774,339.85
1775,186.7
1776,364.45
1777,367.2295
1778,450.4106
1779,269.4
1780,184.15
1781,278.25
1782,155.25
1783,339.85
1784,365.6818
1785,94.7053
1786,186.1106
1787,92.0053
1788,184.15
1789,339.25
1790,449.35
1791,189.1583
1792,187.0053
1793,434.85
1794,364.45
1795,281.4053
1796,92.9212
1797,361.15
1798,371.9
1799,361.15
1800,269.1553
1801,269.4606
1802,271.8553
1803,364.1553
1804,188.8053
1806,184.75
1807,274.7053
1808,97.453
1809,271.5977
1810,270.3765
1812,371.9
1813,342.55
1814,371.9
1815,448.7871
1816,269.1553
1817,361.75
1818,278.35
1819,364.0318
1820,269.7659
1824,269.4606
1825,361.4553
1826,446.5
1827,364.45
1829,363.8712
1830,195.5537
1831,435
1832,365.35
1834,365.35
1835,364.4606
1836,361.75
1837,362.2
1838,363.85
1839,178.9765
1840,364.4606
1841,364.7553
1842,188.1189
1843,186.5924
1844,361.75
1845,268.85
1846,340.1553
1847,339.85
1848,269.4606
1849,285.0742
1850,363.85
1851,186.7
1852,270.5
1853,348.25
1854,364.9
1855,271.55
1856,271.55
1857,342.05
1858,361.4
1859,361.4
1860,361.4
1861,342.55
1862,364.803
1863,365.6553
1864,364.45
1865,361.9
1866,361.9
1867,364.45
1868,363.85
1869,364.45
1870,364.4606
1871,105.1226
1872,93.2159
1873,364.4606
1874,434.4
1875,348.25
1877,361.9
1878,447.45
1879,162.7053
1880,281.3606
1881,349.6159
1882,278.4053
1883,361.9
1884,373.3659
1885,373.0606
1886,372.7553
1887,291.0892
1888,279.1159
1889,277.35
1890,371.85
1891,184.1
1892,371.75
1893,372.35
1894,364.7553
1895,254.6
1896,257.6053
1897,342.55
1898,362.6
1899,339.85
1900,184.15
1901,269.4
1902,361.75
1903,361.75
1904,391.327
1905,188.8371
1906,364.45
1907,364.45
1908,339.4
1909,365.6553
1910,362.2
1911,399.8754
1912,268.85
1913,185.9818
1914,364.4606
1915,364.4606
1916,369.0401
1917,341.95
1918,271.55
1919,269.1553
1920,364.4606
1921,361.7
1922,294.5862
1923,361.9
1924,361.9
1925,361.9
1926,361.9
1927,361.9
1928,340.45
1929,187.3159
1930,270.05
1931,271.8553
1932,434.85
1933,184.9053
1934,91.85
1935,5.1901
1936,361.9
1937,274.3454
1938,348.85
1939,255.6659
1941,362.3606
1942,185.8212
1943,361.75
1944,362.5053
1945,348.7
1946,94.1424
1947,364.7553
1948,363.1
1949,361.9
1950,364.75
1951,364.45
1952,364.4606
1953,184.6106
1954,437.55
1955,364.4606
1956,279.0053
1957,341.95
1958,374.45
1959,351.8
1960,187.3477
1961,184.3053
1962,361.3
1963,361.9
1964,348.35
1965,374.45
1966,361.75
1967,351.4
1968,377.8083
1969,186.1265
1970,270.3765
1971,361.75
1972,365.0924
1973,372.35
1974,280.6606
1975,374.45
1976,188.2265
1977,361.9
1978,364.05
1979,279.6
1980,186.7
1981,254.9053
1983,362.65
1984,186.1265
1985,93.8371
1986,366.5712
1987,189.4848
1988,361.75
1989,374.45
1990,364.7553
1991,371.9
1992,282.9408
1993,365.3053
1994,371.9
1995,371.9
1996,371.75
1997,460.2553
1998,364.45
1999,271.55
2000,270.05
2001,364.45
2002,257
2003,364.45
2004,374.45
2005,364.45
2006,364.45
2007,364.45
2008,364.45
2009,364.45
2010,364.45
2011,364.45
2012,424.75
2013,255.2106
2014,362.2
2015,361.9
2016,254.9053
2017,363.5818
2018,361.75
2019,361.75
2020,371.9
2021,270.9
2022,371.9
2023,371.9
2024,361.9
2025,91.7
2026,366.3106
2027,371.9
2028,361.15
2029,371.9
2030,361.75
2031,184.3053
2032,188.1189
2033,361.3
2034,363.1053
2035,187.1053
2036,95.1477
2037,364.45
2038,279.45
2039,361.9
2040,361.9
2041,186.1106
2042,187.3
2043,185.8053
2044,342.05
2046,185.8053
2047,185.8053
2048,375.15
2049,364.45
2050,187.3
2051,248.15
2052,362.3606
2053,93.6553
2054,361.9
2055,372.8
2056,185.5159
2057,340
2058,351.4
2059,92.6053
2060,361.3
2061,371.9
2062,371.9
2063,361.9
2064,361.9
2065,361.9
2066,448.75
2067,459.0553
2068,284.3136
2069,282.3477
2070,92.0053
2071,188.9712
2072,363.85
2073,365.35
2074,351.7053
2075,364.7553
2076,361.9
2078,520.2053
2079,371.75
2080,364.45
2081,371.9
2082,279.7712
2083,361.15
2085,371.9
2086,361.3
2088,446.8
2089,362.65
2090,448.75
2091,361.9
2092,348.1
2093,349.3
2094,349.3
2095,349.3
2096,349.3
2097,349.3
2098,349.3
2099,349.3
2100,450
2101,362.8
2102,361.9
2103,435
2104,436.95
2105,349.3
2106,349.3
2107,361.9
2108,361.9
2109,274.9924
2110,361.9
2111,349.3
2112,349.3
2113,349.3
2115,361.3
2116,364.4606
2117,371.9
2118,187.75
2119,363.85
2120,343.15
2121,365.9606
2122,185.5
2123,187.0265
2124,374.45
2125,341.0553
2126,186.2553
2127,270.9
2128,187.3
2129,371.9
2130,255.2106
2131,163.2053
2132,374.45
2134,94.7053
2135,94.1424
2136,184.9159
2137,364.45
2138,361.9
2139,362.0553
2140,371.9
2141,273.4765
2142,361.75
2143,362.0553
2144,346.1871
2145,361.9
2146,364.9
2147,259.4212
2148,184
2149,363.85
2150,363.85
2151,95.9265
2152,274.8159
2153,361.9
2154,270.05
2155,258.8106
2156,371.9
2157,371.9
2158,371.9
2159,361.9
2160,361.9
2161,363.85
2162,361.9
2163,184.25
2164,373.85
2165,374.45
2166,373.85
2167,365
2168,348.85
2169,364.45
2170,374.45
2171,254.9053
2172,361.9
2173,361.9
2174,361.9
2175,435
2176,184
2177,361.9
2178,365.5583
2179,363.7424
2180,445.95
2181,361.3
2182,348.85
2183,361.3
2184,364.45
2185,361.75
2186,361.25
2187,361.25
2188,361.25
2189,361.25
2190,361.75
2191,361.75
2192,187.3
2193,270.05
2194,271.1106
2195,363.7424
2196,365.8636
2198,92.3
2199,94.7424
2200,94.7053
2201,364.45
2202,3.6636
2203,3.053
2204,361.9
2205,363.85
2206,274.4401
2207,362.3606
2208,188.5318
2209,0.9159
2210,361.9
2211,269.5553
2212,281.25
2213,269
2214,361.9
2215,339.25
2216,339.85
2217,282.3636
2218,364.45
2219,278.25
2220,248.6
2221,372.35
2222,371.9
2223,379.6295
2224,362.6765
2225,339.25
2226,98.8454
2227,375.65
2228,257.6053
2229,187.9424
2230,361.3
2231,186.8
2232,361.75
2233,270.6712
2234,95.6583
2235,257.6053
2236,178.3659
2237,184
2238,95.0106
2239,363.95
2240,361.9
2241,361.9
2242,269.7659
2243,365.0606
2244,271.55
2245,364.45
2246,257.0053
2247,97.4901
2248,361.9
2249,361.9
2250,3.6636
2251,268.85
2252,94.1318
2254,187.0053
2255,192.1954
2256,0.9159
2257,185.5159
2258,362.8106
2259,257.6053
2260,93.2159
2261,271.8606
2262,255.2106
2263,175.95
2264,277.356
2265,184.6
2266,349.15
2267,364.1553
2268,361.9
2269,361.9
2270,184.6106
2271,187.3
2273,361.9
2274,361.9
2275,361.75
2276,361.15
2277,185.5265
2278,187.6159
2279,258.95
2281,192.3295
2283,362.2
2284,370.0445
2285,364.45
2286,362.8
2287,186.1106
2288,350.2
2289,362.9553
2290,363.4053
2291,269.1553
2292,362.6765
2293,284.4636
2294,187.6053
2295,348.55
2296,364.203
2297,364.203
2298,366.3295
2299,364.1924
2300,348.25
2301,362.5212
2302,364.45
2303,363.85
2304,361.9
2305,361.75
2306,371.9
2307,361.75
2308,254.75
2309,434.4
2310,364.9
2311,446.7053
2312,195.2484
2313,270.95
2314,361.9
2315,361.9
2316,361.9
2317,364.45
2318,371.9
2319,364.45
2320,364.45
2321,362.5053
2322,279.6
2323,258.95
2324,364.1553
2325,363.25
2326,365.0712
2327,434.4
2328,371.9
2329,92.9
2330,248.15
2331,185.8053
2332,363.85
2333,180.7818
2335,361.75
2336,186.7
2337,364.45
2338,186.25
2339,279.15
2344,279.6
2346,279.6
2347,184.6
2349,279.15
2353,278.1
2354,278.7
2355,371.9
2356,393.5339
2357,279.15
2358,367.5765
2359,361.3
2360,361.9
2361,93.8159
2362,187.4106
2363,366.6454
2364,371.4
2366,189.1318
2367,371.9
2368,361.9
2369,361.9
2370,365.8
2371,186.25
2372,374.45
2373,361.9
2374,187.3
2375,456.85
2376,258.35
2377,279.15
2378,278.85
2379,254.9053
2380,365.1083
2381,371.9
2382,364.45
2383,362.2
2384,361.75
2385,281.7
2386,361.3
2387,185.65
2388,279.15
2389,279.15
2390,93.5106
2391,364.1553
2392,186.1106
2393,281.7
2394,279.15
2395,364.7659
2396,186.7
2397,185.8053
2398,187.3
2399,361.3
2400,92.9106
2401,448.75
2402,255.0553
2403,364.7553
2404,188.2159
2405,275.603
2406,363.2606
2407,364.45
2408,93.2159
2412,97.806
2413,270.05
2414,269.75
2415,92.3
2416,92.3
2417,92.3
2418,92.3
2419,92.3
2420,92.3
2421,92.3
2422,92.3
2423,364.7553
2424,342.55
2425,186.7
2426,361.9
2427,361.4553
2428,93.5212
2429,361.15
2431,364.7659
2432,255.2106
2433,361.3
2434,254.3053
2435,197.3908
2436,371.9
2437,270.05
2438,361.75
2439,364.45
2440,339.25
2441,99.6272
2442,363.8977
2443,362.8
2444,363.85
2445,361.9
2446,436.95
2447,362.2053
2448,362.65
2449,364.45
2450,361.75
2451,92.9
2452,365.35
2453,362.2
2454,364.1765
2455,371.3
2456,362.2159
2457,364.45
2458,361.9
2459,93.2159
2460,269.7553
2461,361.9
2462,361.7
2464,93.5212
2465,270.0712
2466,363.85
2467,187.0212
2468,371.9
2469,376.6242
2470,364.45
2471,364.45
2472,187.9106
2473,280.9553
2474,437.55
2476,348.7
2477,362.8
2478,364.7553
2479,93.5212
2480,362.2
2481,364.45
2482,365.2
2483,340.3159
2484,365.1083
2485,361.75
2486,362.9553
2487,361.15
2488,247.55
2489,274.0159
2490,361.15
2491,92.6159
2492,362.9712
2493,361.75
2494,434.4
2495,272.7583
2498,365.6553
2499,372.35
2500,279.15
2501,247.55
2502,279.15
2503,362.3606
2504,361.9
2505,272.2
2506,363.85
2507,274.0295
2508,364.45
2509,279.15
2510,351.7053
2511,362.2
2512,361.75
2513,339.25
2514,339.25
2515,281.8712
2516,363.85
2517,434.25
2518,365.35
2519,364.45
2520,185.0659
2521,362.2
2522,364.45
2523,365.5106
2524,361.9
2525,342.65
2526,361.9106
2527,364.7553
2528,364.7553
2529,362.3712
2530,361.9
2531,446.4
2532,257.6053
2533,444.0636
2534,92.9212
2535,361.9
2536,177.4977
2537,185.3712
2538,361.75
2539,362.8106
2540,362.2
2541,187.3318
2542,364.45
2543,363.85
2544,364.45
2545,94.7053
2546,371.9
2547,363.1159
2548,94.4
2549,361.9
2550,251.4712
2551,340.1659
2552,339.85
2553,364.1553
2554,92.0053
2555,364.7553
2556,361.9
2557,256.4106
2558,249.0765
2559,187.3
2560,363.1053
2561,365.703
2562,268.85
2563,362.8
2564,282.0424
2565,438.0795
2566,273.7818
2567,367.2295
2568,361.75
2569,369.3666
2570,362.9553
2571,362.65
2572,362.65
2573,364.6477
2574,348.7
2575,103.7143
2576,96.3871
2577,362.0606
2578,92.9106
2579,362.9553
2580,381.0484
2581,258.5
2582,348.85
2583,282.3212
2584,364.45
2585,361.6053
2586,349.4606
2587,188.5053
2588,372.35
2589,85.8606
2590,350.8
2592,92.6159
2593,361.75
2594,364.1553
2595,372.35
2596,372.35
2597,351.4
2598,280.05
2599,186.2553
2600,456.3553
2601,361.9
2602,361.9
2603,361.9
2604,361.9
2605,361.9
2606,361.9
2607,189.5659
2608,269
2609,364.1553
2610,188.2
2611,184.15
2612,375.1832
2613,282.6318
2614,371.9
2615,361.75
2616,273.4765
2617,372.2
2618,92.6053
2619,361.15
2620,372.35
2621,363.2765
2622,371.9
2623,361.75
2624,178.1606
2625,361.25
2626,94.7053
2628,365.9765
2629,187.6159
2630,437.05
2631,369.103
2632,275.2348
2633,361.75
2634,254.9053
2635,94.753
2636,363.5924
2637,187.3106
2638,165.6689
2639,185.5265
2640,94.4
2641,361.9
2642,361.9
2643,249.3712
2644,361.9
2645,361.9
2646,95.3636
2647,271.2318
2648,188.2159
2649,269
2650,276.75
2651,349.6159
2652,187.9424
2653,186.7
2654,272.1606
2655,188.2159
2656,184.75
2657,192.2166
2658,255.5159
2659,361.9
2660,271.5977
2661,363.85
2662,187.0053
2663,364.45
2664,257.3
2665,93.2159
2666,371.9
2667,364.1553
2668,271.55
2669,95.6212
2670,187.6159
2671,92.4606
2672,92.3106
2673,187.0053
2674,270.9
2675,91.85
2676,362.2
2677,362.8106
2678,361.9
2680,342.2553
2681,361.15
2682,271.2606
2683,269.6106
2684,317.91
2685,272.2924
2686,361.75
2687,271.8553
2688,186.7
2689,272.8659
2690,435.7924
2691,361.3
2692,194.6855
2694,365.9606
2695,361.9
2696,361.9
2697,188.2318
2698,349.3
2699,257.3
2700,364.45
2701,364.7553
2702,435
2703,185.5265
2704,186.7
2705,371.9
2706,371.9
2707,371.9
2708,361.3
2709,287.1037
2710,361.6053
2713,351.7053
2714,364.45
2715,363.2871
2716,361.75
2718,363.1212
2719,361.75
2720,92.4
2721,185.8053
2722,91.7
2723,434.4
2724,91.7
2725,362.2
2726,362.2
2727,95.0106
2728,365.35
2729,282.9106
2730,378.0765
2731,272.1606
2732,364.45
2733,365.35
2734,361.15
2735,361.3
2736,361.9
2737,361.9
2738,363.85
2739,255.2106
2740,349.3
2741,433.8
2742,362.35
2743,364.4606
2744,269.7659
2745,255.2106
2746,361.75
2747,361.75
2748,269
2749,190.5613
2750,361.75
2751,362.2
2752,247.55
2753,257.3
2754,361.75
2755,185.3553
2756,371.3
2757,434.85
2758,434.85
2759,434.85
2760,434.85
2761,339.85
2762,254.9053
2763,434.85
2764,268.25
2765,361.9
2766,361.9
2767,361.9
2768,362.35
2769,361.9
2770,364.45
2771,364.45
2772,270.05
2773,268.85
2774,366.6348
2775,363.2606
2776,361.6
2777,434.4
2778,362.8
2779,190.3636
2780,361.9
2781,364.45
2783,248.15
2784,371.9
2785,364.9
2786,361.15
2787,361.75
2788,362.8
2789,361.75
2790,361.9
2791,362.2
2792,184.9053
2793,448.75
2795,362.2053
2796,269.1553
2797,269.4606
2798,186.4424
2799,95.0106
2800,361.9
2801,351.4
2802,361.9
2803,185.5265
2804,339.85
2805,361.75
2806,272.2553
2807,361.75
2808,361.75
2809,361.75
2810,361.9
2811,361.9
2812,366.2659
2813,361.9
2814,185.2106
2815,361.15
2816,257.6053
2817,362.9553
2818,362.65
2819,446.2
2820,361.15
2821,363.85
2822,94.4
2823,343.8712
2824,270.05
2825,361.75
2826,361.75
2827,361.75
2828,278.25
2829,184.6106
2830,363.2765
2831,363.2765
2832,362.6765
2833,194.3219
2834,361.9
2835,361.9
2836,361.9
2837,187.6053
2838,92.7053
2839,434.25
2840,361.75
2841,363.85
2842,257.6053
2843,363.2606
2844,361.15
2845,361.15
2847,255.0553
2848,361.75
2849,186.7
2850,371.9
2851,424.9
2852,362.5106
2853,363.1
2855,92.4
2856,281.4
2857,343.15
2859,365.9606
2860,382.8007
2861,364.7553
2862,365.8159
2863,365.3659
2864,254.9053
2866,257.6053
2867,363.85
2868,188.8265
2869,435
2870,361.9106
2871,350.2265
2872,254.9053
2873,350.2265
2874,362.9818
2875,372.6553
2876,92.9
2877,372.35
2878,361.75
2881,366.3401
2882,371.5037
2883,189.7265
2884,349.3
2885,362.3712
2886,254.6106
2887,361.4553
2888,371.6
2889,361.75
2890,258.95
2891,363.85
2892,362.2
2893,361.15
2894,361.9
2895,257.6053
2896,361.4553
2897,361.9
2898,281.1
2899,93.8265
2900,361.75
2901,361.75
2902,361.75
2903,191.6325
2904,361.75
2905,362.0553
2906,269.45
2907,254.9053
2908,349.3106
2909,343.6606
2910,94.7318
2911,361.15
2912,361.25
2913,364.45
2914,343.15
2915,281.8712
2916,362.3712
2917,187.1053
2918,362.9553
2919,364.4606
2920,361.75
2921,363.85
2922,189.1159
2923,184.9159
2924,433.6
2925,186.4424
2926,340.4712
2927,424.75
2928,341.3553
2929,371.9
2930,371.9
2931,184.9159
2932,362.3606
2934,361.15
2935,361.75
2936,361.25
2937,361.75
2938,162.0053
2939,189.2606
2940,187.6159
2941,362.65
2942,91.7
2943,268.85
2944,364.9
2945,364.7553
2946,364.1765
2949,272.4659
2950,257.6053
2951,280.65
2952,280.65
2953,362.35
2954,342.05
2955,187.9212
2956,352.0583
2957,271.55
2958,376.8553
2959,364.4606
2960,269.55
2961,271.55
2962,271.55
2965,273.4295
2966,342.55
2967,342.55
2968,339.85
2969,371.9
2970,187.3106
2971,281.4
2972,268.85
2973,269.4606
2974,260.1
2975,361.75
2976,362.5053
2977,361.9
2978,361.75
2979,186.1106
2980,185.8053
2981,184.9159
2982,255.0553
2983,339.4
2985,342.65
2986,373.4802
2987,339.4
2988,363.85
2989,363.85
2990,371.9
2991,362.2
2992,94.4
2993,281.4
2994,351.4
2996,190.1765
2997,190.6901
2998,272.55
2999,343.05
3000,343.05
3001,343.05
3002,343.05
3003,343.05
3004,189.7265
3005,258.5053
3006,356.0272
3007,366.2659
3008,361.3
3009,254.9053
3010,362.65
3011,362.2
3012,343.05
3013,258.5053
3014,365.35
3015,254.5553
3016,186.4159
3017,361.75
3018,361.75
3019,361.75
3020,361.75
3021,361.9
3022,361.9
3023,361.9
3024,361.9
3025,343.05
3026,343.05
3027,343.05
3028,343.05
3029,188.2159
3030,94.7318
3031,185.5
3033,270.05
3034,93.2053
3035,282.0212
3036,361.9
3037,361.9
3038,361.9
3039,273.0765
3040,279.0053
3041,186.7
3042,95.0477
3044,273.6871
3045,162.4
3046,187.6636
3047,364.45
3048,278.1053
3050,255.2106
3051,361.9
3052,269.7659
3053,363.5659
3054,91.7
3055,271.55
3056,446.65
3057,364.4606
3058,367.0212
3059,257.3
3060,257.6053
3061,257.6053
3062,188.5053
3063,436.95
3064,367.8189
3065,361.9
3066,188.2
3067,188.5053
3068,188.2
3069,184.15
3070,362.9553
3071,185.5
3072,342.55
3073,340.3053
3074,361.75
3075,361.9
3076,186.7
3077,364.45
3078,361.25
3079,434.25
3080,364.9
3081,361.3
3082,348.25
3083,364.45
3084,363.85
3085,364.45
3086,361.9
3087,361.9
3088,361.9
3089,361.9
3090,340
3091,270.05
3092,282.0053
3093,374.7553
3094,186.7477
3095,374.45
3096,187.0053
3097,361.3
3098,361.75
3099,371.9
3100,273.7348
3101,91.7
3102,363.85
3103,363.85
3104,363.95
3105,361.9
3106,95.9742
3107,361.75
3108,271.55
3109,363.85
3110,280.65
3111,361.75
3112,187.4106
3113,361.9
3114,184.75
3115,361.9
3116,363.85
3117,362.35
3118,371.3
3119,363.1053
3120,366.2659
3121,373.4
3123,192.8113
3124,381.065
3125,273.3818
3126,368.5477
3127,272.1606
3128,272.7712
3129,339.85
3130,363.8712
3131,371.9
3132,178.5553
3133,271.55
3134,339.25
3135,361.75
3136,188.553
3137,283.5477
3138,256.85
3139,361.4
3140,350.2
3141,446.3553
3142,361.75
3143,361.3
3144,257.6053
3145,365.5106
3146,361.9
3147,341.2
3148,361.75
3149,339.4
3150,361.4553
3151,361.75
3152,272.7712
3153,281.7159
3154,281.1053
3155,258.8053
3156,281.2606
3157,283.5477
3158,373.5606
3159,281.7159
3160,189.1106
3161,376.8553
3162,282.0159
3163,362.8
3164,186.1106
3165,364.4606
3166,365.0606
3167,434.85
3168,281.709
3169,188.5212
3170,280.05
3171,373.4159
3172,361.25
3173,177.5606
3174,93.2159
3175,278.85
3176,368.7712
3177,187.3
3178,186.4424
3179,361.3
3180,185.5159
3181,188.8106
3182,276.6477
3183,188.5318
3184,361.15
3185,270.4712
3186,361.75
3187,361.9
3188,255.0553
3189,271.8553
3190,363.8712
3191,366.7689
3192,361.3
3193,186.7212
3194,364.45
3195,281.0553
3196,254.6
3197,364.9477
3198,365.2053
3199,257.6053
3200,279.6265
3201,269
3202,254.9053
3203,279.6265
3204,371.3
3205,281.0553
3206,364.7553
3207,189.4477
3208,361.7606
3209,361.25
3210,190.4113
3211,362.2
3212,371.9
3213,187.1712
3214,270.05
3215,367.2265
3216,273.7606
3217,366.5818
3218,257.0053
3219,362.35
3220,361.9
3221,361.3
3222,363.25
3223,371.9
3224,282.3265
3225,361.75
3226,361.9
3227,372.2
3228,272.5159
3229,248.1606
3230,184.6106
3231,364.45
3232,361.75
3233,269.8606
3234,363.2871
3235,162.1553
3236,362.0553
3237,188.8848
3238,362.2
3239,522.1553
3240,364.3371
3241,185.65
3242,361.9
3243,184.4053
3244,254.9053
3245,364.45
3246,361.75
3247,361.9
3248,446.65
3249,361.9
3250,343.15
3251,257.6053
3252,375.6606
3253,364.45
3254,362.35
3255,340
3256,434.85
3257,434.25
3258,371.9
3259,255.0553
3260,343.953
3261,342.55
3262,363.85
3263,361.9
3264,363.85
3265,362.2
3266,362.0553
3267,365.8636
3268,361.75
3269,92.7053
3270,339.25
3271,361.9
3272,361.75
3273,343.15
3274,92.7053
3275,361.15
3276,375.3553
3277,348.8106
3278,194.6855
3279,364.9
3280,281.7
3281,364.7553
3282,446.2
3283,364.7659
3284,446.8
3285,364.7553
3286,364.45
3287,92.6053
3288,361.7606
3289,364.45
3290,187.7636
3291,364.4606
3292,181.4742
3293,362.2053
3294,363.1212
3295,339.6606
3296,186.7
3297,361.3
3298,368.5636
3299,186.7
3300,274.9454
3301,178.4553
3302,364.7553
3303,363.4053
3304,361.3
3305,271.903
3306,435
3307,435.0106
3308,187.9212
3309,361.75
3310,361.75
3311,437.8553
3312,437.55
3313,361.15
3314,362.3606
3315,361.9
3316,364.3212
3317,281.4106
3318,363.4053
3319,361.15
3320,361.15
3321,188.5053
3322,371.9
3323,365.5583
3324,281.4106
3325,361.9
3326,364.45
3327,361.3
3328,362.35
3329,371.3
3330,361.15
3331,257.6053
3332,361.9
3333,375.0712
3334,373.85
3335,371.4
3336,250.603
3337,365.9606
3338,362.65
3339,269.4606
3340,364.1553
3341,361.9
3342,280.05
3343,185.8318
3344,364.45
3345,363.95
3346,364.45
3347,363.85
3348,185.2212
3349,361.3
3350,364.45
3351,363.4106
3352,280.05
3353,280.05
3354,364.45
3355,184.9053
3356,189.2606
3357,185.3606
3358,184.9053
3359,254.9053
3360,270.05
3361,185.5265
3362,269.7553
3363,344.6871
3364,361.3
3365,278.2
3366,270.3659
3367,361.9
3368,361.9
3369,361.9
3370,361.9
3371,371.4
3372,250.25
3373,435
3374,364.9
3375,363.1
3376,364.45
3377,361.75
3378,361.9
3379,186.8977
3380,361.25
3381,187.0053
3382,363.85
3383,186.2871
3384,434.25
3385,184.9053
3386,271.8553
3387,362.2
3388,269.55
3389,270.9659
3390,363.85
3391,364.45
3392,177.6053
3393,361.9
3394,362.2
3395,362.2
3396,283.6924
3397,367.0689
3398,14.3491
3399,207.1922
3400,349.6159
3401,93.2265
3402,185.8053
3405,249.6606
3406,371.9
3407,366.1053
3408,365.5477
3409,364.95
3410,364.9
3411,364.45
3412,363.1159
3413,187.3
3414,364.9
3415,371.9
3416,361.9
3417,361.75
3418,361.9
3419,361.9
3420,361.9
3421,361.9
3422,361.9
3423,361.9
3424,361.9
3425,361.9
3426,361.9
3427,361.9
3428,361.9
3429,361.9
3430,361.9
3431,361.9
3432,363.1
3433,271.8553
3434,180.8636
3435,282.4818
3436,254.9053
3437,272.7712
3438,94.1212
3439,362.2
3440,279.1159
3441,363.85
3442,361.9
3443,371.9
3444,94.7053
3445,435
3446,343.15
3447,361.9
3448,372.8
3449,371.4
3450,371.9
3451,186.2871
3452,163.2053
3453,95.9265
3454,434.1
3455,185.2106
3456,375.7083
3457,363.2871
3458,269.45
3459,371.9
3460,271.55
3461,364.9318
3462,94.7053
3463,361.9
3464,280.8318
3465,361.9
3466,371.9
3467,184.4553
3468,255.2106
3470,447.15
3471,187.6053
3472,270.8
3473,278.7
3474,434.1
3475,269
3476,363.85
3477,362.65
3478,361.75
3479,270.8
3480,187.6053
3481,270.05
3482,95.6689
3483,361.9
3484,348.85
3485,364.4606
3486,364.9
3487,364.9
3488,352.3
3489,362.65
3490,362.65
3491,186.4106
3492,364.45
3493,361.9
3494,366.3295
3495,362.8
3496,95.9265
3497,361.3
3498,188.553
3499,434.4
3500,186.7477
3501,185.2106
3502,364.45
3503,254.75
3505,449.1
3506,361.75
3507,361.75
3508,361.75
3509,361.75
3510,364.7871
3511,185.8053
3512,363.4053
3513,279.6
3514,361.55
3515,186.8818
3516,278.25
3517,188.5053
3518,269.7659
3519,177.9553
3520,447.3
3521,271.55
3522,273.4765
3523,339.4
3524,361.75
3525,184.6
3526,449.0553
3527,186.7159
3528,186.1053
3529,254.3053
3530,269.7659
3531,363.2606
3532,189.1159
3533,361.9
3534,361.3
3535,361.15
3536,272.1606
3537,362.9712
3538,446.2
3539,366.0348
3540,98.4166
3541,188.2265
3542,361.15
3543,184.6106
3544,184.3053
3545,362.0553
3546,361.9
3547,361.9
3548,287.9772
3549,363.85
3550,249.6053
3551,363.85
3552,363.85
3553,185.5
3554,188.5318
3555,268.85
3556,362.65
3557,255.0553
3558,351.7053
3559,345.9189
3560,184.9159
3561,362.2
3562,361.9
3563,184.3053
3564,362.6765
3565,95.6583
3566,184.6
3567,282.15
3568,451.2742
3569,177.15
3570,188.8106
3571,268.85
3572,269.75
3573,362.35
3574,361.9
3575,361.9
3576,363.85
3577,362.6659
3578,371.15
3579,361.3
3580,184.75
3581,439.1242
3582,280.05
3583,187.6159
3584,273.4765
3585,187.6053
3586,177.8553
3587,188.5053
3588,177.8553
3589,177.55
3590,364.45
3591,361.9
3592,361.9
3593,361.9
3594,361.75
3595,187.9424
3596,361.7606
3597,10.0749
3598,282.75
3599,340.7765
3600,361.75
3601,271.8553
3602,282.9424
3603,363.85
3604,365.35
3605,269.05
3606,271.55
3607,94.7053
3608,361.75
3609,188.2265
3610,271.55
3611,188.5053
3612,361.75
3613,361.75
3614,184.4553
3615,361.9
3616,279.75
3617,92.6053
3618,271.8553
3619,185.8318
3620,203.368
3621,185.5265
3622,162.9
3623,186.2553
3624,185.0659
3625,185.0659
3626,185.0659
3627,187.6159
3628,185.0659
3629,185.0659
3630,185.0659
3631,435
3632,435
3633,361.9
3634,366.5871
3635,186.7477
3636,355.7219
3637,93.2053
3638,267.65
3639,371.9
3640,363.85
3641,271.7212
3642,269.7553
3643,365.4136
3644,269.9553
3645,434.1
3646,365.2053
3647,365.8159
3648,271.8553
3649,269
3650,361.9
3651,361.9
3652,361.3
3653,371.9
3654,186.5924
3655,349.1553
3656,284.656
3657,282.6318
3658,272.1977
3659,371.9
3660,364.45
3661,364.45
3662,371.9
3663,342.55
3664,364.45
3665,362.65
3666,282.6318
3667,371.6007
3668,340
3669,367.503
3670,342.7583
3671,270.05
3672,361.75
3673,363.95
3674,271.1053
3675,361.9
3676,440.75
3677,376.5765
3678,370.6136
3679,188.5318
3680,190.3636
3681,282.6318
3682,363.85
3683,92.6053
3684,363.85
3685,162.4606
3686,255.95
3687,362.65
3688,94.4
3689,187.6159
3690,163.2053
3691,361.9
3692,278.25
3693,446.65
3694,371.9
3695,186.8659
3696,366.7159
3697,366.1053
3698,366.4106
3699,188.2
3700,364.45
3701,269.95
3702,363.85
3703,270.4265
3704,92.3106
3705,70.3053
3706,270.05
3707,361.75
3708,280.8
3709,361.15
3710,92.9212
3711,92.6159
3712,185.5
3715,268.85
3717,364.45
3718,362.9712
3719,361.9
3720,361.15
3721,369.7136
3722,352.0106
3723,184.9053
3724,92.0053
3725,92.9212
3726,92.3106
3727,188.5053
3728,188.5053
3729,364.45
3730,282.75
3731,363.85
3732,94.7053
3733,92.0053
3734,372.5
3735,371.9
3736,372.5
3737,257.3
3738,283.6659
3739,92.9212
3740,361.3
3741,375.6606
3742,188.5053
3743,371.3
3744,363.85
3745,371.9
3746,269.4606
3747,189.1159
3748,361.3
3749,361.3
3750,361.9
3751,368.4924
3752,271.55
3753,340
3755,186.7
3756,362.6659
3757,184.9053
3758,362.2053
3759,361.9
3760,187.6053
3761,187.053
3762,185.2212
3763,364.45
3764,361.15
3765,362.0659
3766,276.1772
3767,184.6
3768,188.5053
3769,363.2871
3770,363.85
3771,271.55
3772,361.6
3773,361.9
3774,280.2106
3775,274.6977
3776,361.15
3777,361.4553
3778,274.3924
3779,274.3924
3780,271.55
3781,189.753
3782,271.8553
3783,362.8106
3784,365.35
3785,187.053
3786,278.8606
3787,340.3053
3788,273.9924
3789,362.2
3790,434.4
3791,188.5053
3792,185.5265
3793,349.7659
3794,186.1106
3795,446.2
3796,362.8
3797,279.45
3798,271.1053
3799,92.9
3800,435
3801,371.9
3802,371.9
3803,339.85
3804,363.85
3805,434.4
3806,94.753
3807,361.15
3808,364.4606
3809,361.3
3810,343.3371
3811,378.9007
3812,363.5924
3813,270.05
3815,272.8212
3816,185.8053
3817,364.45
3818,364.45
3819,364.45
3820,366.1053
3821,274.0553
3822,362.6659
3823,271.55
3824,351.4
3825,273.4053
3826,184.9053
3827,364.45
3828,187.0053
3829,187.053
3830,459.35
3832,456.8
3833,361.9
3834,371.9
3835,362.0553
3836,94.4
3837,361.75
3838,365.35
3839,269.05
3840,361.9
3841,371.9
3842,199.6408
3843,364.45
3844,371.9
3845,362.8
3846,361.9
3847,361.9
3848,361.9
3849,362.0553
3850,361.15
3851,361.75
3852,163.2053
3853,178.7265
3854,363.1
3855,187.6159
3856,364.45
3857,364.45
3858,364.45
3859,177.8553
3861,186.7
3862,361.6053
3863,362.8
3864,348.3507
3865,269.45
3867,365.6818
3868,94.1318
3869,365.3659
3870,364.45
3871,362.0659
3872,187.3
3873,364.1553
3874,361.75
3875,271.55
3876,271.55
3877,186.7
3878,184.9053
3879,364.1553
3880,255.9553
3881,374.15
3882,362.8
3883,185.8318
3884,365.0712
3885,95.0106
3886,95.0106
3887,188.2265
3888,361.6053
3889,361.4553
3890,361.15
3891,363.85
3892,256.8
3893,270.05
3894,342.55
3895,361.9
3896,280.05
3897,363.85
3898,186.1371
3899,365.0606
3900,284.7424
3901,361.9
3902,361.4
3903,361.25
3904,184
3905,255.0553
3906,191.5583
3907,269
3908,254.4553
3909,365.5106
3910,364.45
3911,365.6553
3912,371.9
3913,259.3401
3914,364.7553
3915,361.75
3916,248.1053
3917,187
3918,424.15
3919,361.4553
3920,361.15
3921,361.15
3922,361.15
3923,254.9053
3924,449.35
3925,361.75
3926,364.7553
3927,362.3606
3928,281.1424
3929,91.7
3930,362.2053
3931,340.7765
3932,186.4424
3933,366.4106
3934,365.8
3935,364.45
3936,184.6106
3937,184.6106
3938,184.6106
3939,184.6106
3940,184.9159
3941,184.3053
3942,447.1
3943,361.75
3944,361.9
3945,371.9
3946,184.6
3947,184.3053
3948,340
3949,361.4
3950,348.25
3951,271.8553
3952,187.3106
3953,363.85
3954,364.45
3955,361.3
3956,362.2
3957,362.2
3958,362.3606
3959,256.1106
3960,371.3
3961,94.1318
3962,341.3871
3963,372.2
3964,364.3371
3965,365.9606
3966,187
3967,387.615
3968,340
3969,188.8106
3970,255.0553
3971,186.7
3972,363.85
3973,189.4848
3974,345.9242
3975,93.2159
3976,426.85
3977,460.2553
3978,460.2553
3979,362.65
3980,362.65
3981,361.15
3982,361.15
3983,279.9212
3984,272.5159
3985,269
3986,425.0553
3987,184
3988,189.5659
3989,92.9
3990,364.9
3991,282.1765
3992,186.8
3993,282.1765
3994,280.05
3995,272.8553
3996,94.1318
3997,106.9544
3998,340.7659
3999,361.4553
4000,362.0659
4001,361.4553
4002,184.4553
4003,361.9
4004,442.3537
4005,192.5378
4006,362.2
4007,362.3712
4008,187.0053
4009,99.3113
4010,365.0712
4011,95.6212
4012,366.2659
4013,364.45
4014,370.8613
4015,272.2106
4016,371.9
4017,363.5659
4018,437.05
4019,187.6053
4020,371.3
4021,377.1606
4022,362.9553
4023,361.75
4024,279.15
4025,92.9106
4026,289.809
4027,364.45
4028,375.35
4029,368.7977
4030,188.9553
4031,269.45
4032,361.75
4033,278.4053
4034,349.1553
4035,371.3
4036,371.3
4037,163.2053
4038,254.7606
4039,187.9212
4040,364.45
4041,191.5848
4042,368.7825
4043,277.4348
4044,374.45
4045,274.0424
4046,191.2795
4047,254.9053
4048,184.6
4049,185.8212
4050,188.5212
4051,362.3712
4052,361.9
4053,255.0553
4054,187.5083
4055,381.7666
4056,257.6053
4057,361.75
4058,365.35
4059,519.3
4060,374.45
4061,371.9
4062,365.35
4063,256.8871
4064,273.9924
4065,364.4606
4066,371.3
4067,185.3659
4068,361.9
4069,271.8553
4070,187.6159
4071,270.6659
4072,361.75
4073,361.75
4074,362.9712
4075,363.2765
4076,361.75
4077,362.9712
4078,361.75
4079,362.0553
4080,361.75
4081,362.6659
4082,362.0553
4083,361.75
4084,362.0553
4085,361.75
4086,361.75
4087,361.75
4088,361.75
4089,361.75
4090,361.75
4091,361.75
4092,361.75
4093,361.75
4094,361.75
4095,361.75
4096,361.75
4097,361.75
4098,361.75
4099,361.75
4100,361.75
4101,361.75
4102,361.75
4103,361.75
4104,361.75
4105,361.75
4106,361.75
4107,361.75
4108,361.75
4109,361.75
4110,361.15
4111,271.2924
4112,361.15
4113,362.2
4114,362.2
4115,361.15
4116,361.9
4117,270.05
4118,361.75
4119,361.75
4120,272.1606
4121,364.9
4122,255.2106
4123,99.3113
4124,256.8871
4125,375.3553
4126,365.8636
4127,363.4212
4128,362.3606
4129,361.7606
4130,362.3606
4131,281.4106
4132,371.9
4133,257.9106
4134,361.9
4135,374.7818
4136,277.5
4137,361.75
4138,279.3106
4139,436.95
4140,361.9
4141,365.5106
4142,361.75
4143,361.75
4144,460.0659
4145,364.45
4146,434.4
4147,363.85
4148,376.5765
4149,364.45
4150,365.35
4151,371.9
4152,366.2659
4153,361.9
4154,184.6
4155,187.5083
4156,282.0212
4157,93.2159
4158,94.4477
4159,363.1
4160,257.6053
4161,187.8136
4162,361.3
4163,364.45
4164,361.9
4165,361.9
4166,361.6053
4167,257.6053
4168,365.3659
4170,372.0484
4171,284.9136
4172,188.2
4174,268.85
4175,282.0212
4176,229.795
4177,282.0212
4179,364.1553
4180,281.4
4181,270.9606
4182,366.2659
4183,185.2212
4184,437.55
4185,361.75
4186,254.6
4187,186.5924
4188,361.9
4189,434.7053
4190,374.0265
4191,373.7212
4192,361.3
4193,339.25
4194,361.6053
4195,188.5053
4196,188.8371
4197,361.9
4198,361.9
4199,363.85
4200,182.103
4202,371.9
4203,361.3
4204,185.3712
4205,185.0659
4206,348.7
4207,362.8
4208,186.7371
4209,371.9
4210,371.3
4211,371.3
4212,371.9
4213,376.2712
4214,187.203
4215,282.0583
4216,339.85
4217,361.75
4218,361.75
4219,361.75
4220,351.4
4221,270.05
4222,190.3636
4223,190.3636
4224,277.0325
4225,257.6053
4226,437.55
4227,437.55
4228,278.9719
4229,255.0553
4230,361.9
4231,371.3
4232,361.15
4233,364.45
4234,364.45
4235,364.45
4236,364.45
4237,361.15
4238,374.3318
4239,361.15
4240,361.15
4241,361.75
4242,361.9
4243,363.5818
4244,284.1583
4245,362.3606
4246,271.55
4247,361.9
4248,348.85
4249,362.8
4250,190.0477
4251,364.0318
4252,361.75
4253,364.45
4254,361.9
4255,282.6053
4256,271.55
4257,269
4258,185.5265
4259,361.25
4260,361.9
4261,355
4262,93.2159
4263,342.5606
4264,361.3
4265,184.15
4266,363.85
4267,364.45
4268,434.7053
4269,371.9
4270,190.0318
4273,361.7606
4274,362.65
4275,187.0053
4276,184.9053
4277,187.0053
4278,362.8106
4279,361.9
4280,363.5553
4281,94.7053
4282,364.9
4283,278.5553
4284,288.4325
4285,361.15
4286,256.1265
4287,270.05
4288,270.05
4289,269.45
4290,269.45
4291,371.9
4292,188.2
4293,364.45
4294,272.103
4295,270.05
4296,187.203
4297,364.1553
4298,351.4
4299,184.15
4300,363.85
4301,267.2
4302,364.9
4303,361.9
4304,361.9
4305,361.75
4306,365.8
4307,361.9
4308,361.3
4309,361.75
4310,363.85
4311,356.2265
4312,361.75
4313,361.75
4314,284.0083
4315,371.3
4316,280.5318
4317,361.3
4318,185.8318
4319,185.5159
4320,361.9
4321,361.3
4322,185.5
4323,374.45
4324,364.45
4325,269.3053
4326,361.9
4327,364.45
4328,364.9
4329,363.85
4330,434.7053
4331,282.3
4332,364.9
4333,282.6053
4334,254.3053
4335,339.4
4336,434.4
4337,364.6477
4338,283.6871
4339,256.8
4340,185.2106
4341,362.35
4342,185.6765
4343,361.3
4344,361.3
4345,361.3
4346,361.15
4347,187.3
4348,361.3
4349,364.45
4350,361.9
4351,364.45
4352,282.9371
4353,282.6795
4354,282.653
4355,278.4
4356,349.15
4357,193.7219
4358,361.15
4359,184.6
4360,278.7
4361,373.85
4362,361.3
4363,187.0053
4364,361.9
4365,257.6053
4366,194.6378
4367,361.9
4368,361.3
4369,361.7606
4370,247.8553
4371,255.0553
4372,188.2159
4373,187.0053
4374,361.3
4375,271.7977
4377,362.65
4378,182.5924
4379,271.6
4380,349.15
4381,361.75
4382,1.5265
4383,278.7
4384,272.7136
4385,342.5053
4386,258.2159
4387,254.75
4388,98.406
4389,339.85
4390,366.903
4391,96.2689
4392,257.3
4393,257.3053
4395,184.3053
4396,364.45
4397,187.3
4398,366.2659
4399,184.9159
4400,185.2106
4401,364.9
4402,371.9
4403,364.45
4404,361.4553
4405,349.0053
4406,361.9
4407,371.9
4408,184.9053
4409,254.9053
4410,361.9
4411,361.3
4412,254
4413,254.3053
4414,363.85
4415,271.0106
4416,349.4606
4417,446.55
4418,361.15
4420,435
4421,184.9053
4422,434.25
4423,349.15
4424,184.6106
4425,342.55
4426,366.7159
4427,272.4659
4428,162.4
4429,361.15
4430,184.3053
4431,458.1659
4432,373.2553
4433,457.8606
4434,433.9159
4435,361.15
4436,186.7
4437,361.3
4438,364.45
4439,254.9053
4440,343.15
4441,361.9
4442,186.7
4443,188.8371
4444,282.7871
4445,94.4371
4446,187.3
4447,361.9
4448,271.55
4449,268.85
4450,367.5348
4451,365.5106
4452,371.15
4453,362.2
4454,271.9053
4455,254.4553
4456,366.6159
4457,362.2
4458,279.3159
4459,95.6689
4460,365.0712
4461,362.0553
4462,434.4
4463,281.1
4464,184.9053
4465,373.5712
4466,364.4606
4467,187.6636
4468,365.0712
4469,361.9
4470,92.6053
4471,361.9
4472,190.3318
4473,257.3106
4474,371.9
4475,361.15
4476,92.3106
4477,185.5265
4478,365.9606
4479,364.9
4480,364.45
4481,434.4
4482,361.9
4483,361.9
4484,361.9
4485,178.7606
4486,184.15
4487,343.15
4488,279.15
4489,372.8
4490,362.2
4491,362.2
4492,363.1053
4493,257.3
4494,188.2
4495,184.15
4496,362.35
4497,363.1053
4498,278.5
4499,366.4106
4500,364.45
4501,187.0053
4502,349.15
4503,257.6053
4504,282.3265
4505,361.9
4506,362.8
4507,92.0053
4508,364.45
4509,278.55
4510,269.5106
4511,364.45
4512,271.5871
4513,188.8106
4514,92.9106
4515,186.7371
4516,340.6106
4517,284.1583
4518,189.1424
4519,268.85
4520,362.0659
4521,361.75
4522,362.2
4523,187.9212
4524,5.1901
4525,270.6606
4526,270.5
4527,271.55
4528,364.45
4529,361.25
4530,260.3371
4531,273.9977
4532,450.0159
4533,364.45
4534,365.9
4535,365.5106
4536,269.7553
4537,281.5659
4538,362.2
4539,376.8553
4540,362.6765
4541,362.2053
4542,254.9053
4543,270.1553
4544,190.0583
4545,185.8318
4546,374.7924
4547,184.15
4548,187.0053
4549,340
4550,268.85
4551,185.8053
4552,364.1553
4553,361.9
4554,364.45
4555,257.6053
4556,255.0553
4557,161.7
4558,363.1
4559,438.45
4560,188.8106
4561,184.15
4562,281.4
4563,364.45
4564,93.8159
4565,361.3
4566,255.0553
4567,254.9053
4568,339.25
4569,362.5053
4570,363.85
4571,363.1
4572,369.3454
4573,363.85
4574,364.4606
4575,373.8765
4576,362.0553
4577,362.0553
4578,339.4
4579,186.7
4580,340.9265
4581,282.3265
4582,361.75
4583,371.3
4584,436.95
4585,367.5136
4586,362.2
4587,186.4159
4588,364.45
4589,187.0053
4590,181.5083
4591,348.85
4592,92.4
4593,191.2795
4594,184.3053
4595,278.7
4596,188.5053
4597,364.45
4598,364.1553
4599,272.8659
4600,364.9
4601,361.3
4602,188.2
4603,272.4659
4604,365.3659
4605,448.75
4606,188.2265
4607,363.5659
4608,361.9
4609,185.5159
4610,371.9
4611,365.1083
4612,361.4553
4613,364.5083
4614,365.3765
4615,189.2606
4616,351.4355
4617,271.55
4618,363.85
4619,375.0606
4620,362.65
4621,254.4553
4622,361.75
4623,362.8
4624,186.2553
4625,363.85
4626,280.75
4627,361.3
4628,184.9053
4629,362.0659
4630,254.9053
4631,371.9
4632,366.5871
4633,362.65
4634,365.0606
4635,371.9
4636,362.65
4637,92.9106
4638,371.9
4639,361.75
4640,385.4514
4641,362.2
4642,361.75
4643,362.5053
4644,92.3
4645,185.2106
4646,321.9837
4647,192.9242
4648,364.45
4649,254.9053
4650,361.9
4651,364.45
4652,254.9053
4653,361.75
4654,94.7053
4655,361.15
4656,361.75
4657,363.85
4658,258.5212
4659,364.7553
4660,364.45
4661,186.1106
4662,371.9
4663,281.7
4664,92.9212
4665,361.9
4666,191.7825
4667,187.9689
4668,363.85
4669,363.8977
4670,363.85
4671,179.6871
4672,371.9
4673,340
4674,163.2053
4675,365.9606
4676,372.9606
4677,364.7553
4678,365.6712
4679,363.85
4680,371.4
4681,361.7606
4682,366.1053
4683,363.85
4684,362.0659
4685,184.6106
4686,186.8
4687,363.8712
4688,254.9053
4689,361.9
4690,279.45
4691,355
4692,94.1318
4693,365.5106
4694,365.35
4695,361.15
4696,187.9106
4697,341.65
4698,361.15
4699,361.75
4700,364.45
4701,362.3606
4702,184.75
4703,361.75
4704,92.0053
4705,188.7295
4706,361.75
4707,366.2818
4708,364.45
4709,279.15
4710,94.4477
4711,361.7606
4712,364.45
4713,269.45
4714,271.5765
4715,190.5613
4716,285.1924
4717,363.85
4718,249.0765
4719,256.1265
4720,94.7053
4721,94.4477
4722,364.1553
4723,364.1765
4724,361.15
4725,365.3
4726,364.7553
4727,365.3659
4728,279.0159
4729,279.55
4730,187.6053
4731,186.7
4732,187.0053
4733,364.45
4734,255.0553
4735,188.2265
4736,365.3765
4737,363.85
4738,180.2606
4739,362.0553
4740,364.803
4741,363.1212
4742,277.6035
4743,361.75
4744,371.9
4745,361.9
4746,255.0553
4747,364.9
4748,362.5053
4749,364.45
4750,188.8106
4751,187.0053
4752,271.2924
4753,268.85
4754,362.0553
4755,190.6424
4756,361.15
4757,280.5424
4758,365.0606
4759,361.75
4760,361.7606
4761,361.3
4762,94.1318
4763,343.15
4764,280.8
4765,367.2083
4766,340
4767,187.0053
4768,361.9
4769,247.55
4770,248.15
4771,361.9
4772,364.3424
4773,365.0712
4774,255.8318
4775,187.3
4776,364.7659
4777,361.3
4778,92.6053
4779,371.9
4780,371.9
4781,271.55
4782,361.9
4783,271.903
4784,278.25
4785,278.25
4786,255.0553
4787,361.9
4788,96.403
4789,364.4606
4790,363.1212
4791,364.1765
4792,363.85
4793,364.45
4794,341.3765
4795,271.55
4796,283.3871
4797,271.55
4798,271.55
4799,281.1
4800,361.75
4801,269.4606
4802,361.75
4803,271.55
4804,375.2477
4805,348.7
4806,361.75
4807,437.55
4808,371.75
4809,371.75
4810,272.1606
4811,187.3106
4812,187.0265
4813,363.85
4814,285.8772
4815,271.8606
4816,363.85
4817,184.3053
4818,363.95
4820,188.5053
4821,271.8553
4822,257.3
4823,257.6053
4824,362.2
4825,187.0053
4826,371.1666
4827,371.9
4828,362.8
4829,434.25
4830,269.4606
4831,357.1848
4832,282.3265
4833,273.4765
4834,364.803
4835,92.6053
4836,187.053
4837,270.8053
4838,94.7424
4839,186.1106
4840,277.5
4841,93.2159
4842,282.3265
4843,185.5
4844,283.0924
4845,364.45
4846,362.9712
4848,187.75
4849,364.45
4850,361.3
4851,252.3977
4852,270.05
4853,433.65
4854,361.9
4855,255.2106
4856,371.9
4857,187.3318
4858,363.2765
4859,361.3
4860,184.4553
4861,362.65
4862,184.6106
4863,254.6
4864,362.8
4865,361.3
4866,272.903
4867,257.9106
4868,342.55
4869,270.05
4870,434.85
4871,368.1613
4872,187.0053
4873,361.9
4874,449.6553
4875,365.0606
4876,361.25
4877,186.5606
4878,361.9
4879,272.4659
4880,278.65
4881,187.75
4882,446.55
4883,362.2
4884,187.6318
4885,95.6583
4886,362.2
4887,435
4888,361.75
4889,257.3
4890,94.4265
4891,255.2106
4892,280.65
4893,361.9
4894,284.9136
4895,96.0977
4896,254.9053
4897,361.9
4898,343.15
4899,184.4553
4900,269
4901,93.9606
4902,362.0553
4903,187.0053
4904,274.3818
4905,163.2053
4906,363.2765
4907,187.0053
4908,363.85
4909,187.0053
4910,361.75
4911,184.4553
4912,361.75
4913,437.8659
4914,362.6659
4915,362.8
4916,255.0553
4917,361.9
4918,191.5848
4919,189.753
4920,270.05
4921,339.8053
4922,270.3553
4923,270.05
4924,361.15
4925,365.35
4926,271.8553
4927,364.45
4928,273.7818
4929,363.1053
4930,361.15
4931,363.85
4932,434.5
4933,371.9
4934,270.6712
4935,378.4083
4936,190.3636
4937,340
4938,365.8159
4939,362.8
4940,361.6
4941,257.6053
4942,257.6053
4943,255.0553
4944,198.921
4945,339.5
4946,361.9
4947,187.6159
4948,377.1871
4949,362.8106
4950,184.75
4951,361.75
4952,361.75
4953,187.9689
4954,361.15
4955,361.75
4956,188.5795
4957,187.9212
4958,274.0659
4959,269
4960,339.4
4961,437.55
4962,279.15
4963,438.45
4964,436.95
4965,437.55
4966,438
4967,279.15
4968,279.15
4969,368.1613
4970,363.25
4971,361.9
4972,187.9106
4973,187.0053
4974,342.5053
4975,339.4
4976,189.753
4977,187.9106
4978,269
4979,361.9
4980,186.4159
4981,185.0553
4982,254.9053
4983,449.8553
4984,362.35
4985,277.35
4986,361.9
4988,185.5265
4989,254.6
4990,339.4
4991,361.75
4992,355.7553
4993,364.45
4994,361.15
4995,184.6106
4996,254.9053
4997,361.75
4999,184.3053
5000,184.3053
5001,362.6765
5002,364.9
5003,434.5712
5004,188.8106
5005,96.2689
5006,361.9
5007,274.0606
5008,92.6053
5009,184
5010,184
5011,184.3053
5012,184.3053
5013,364.9
5014,363.85
5015,92.9106
5016,163.2053
5017,365.8
5018,361.9
5019,186.7
5020,361.3
5021,361.9
5022,364.9
5023,361.3
5024,366.2659
5025,362.8
5026,282.6
5027,191.8636
5028,363.85
5029,371.9
5030,372.8
5031,273.2189
5032,184.3053
5033,364.1553
5034,361.9
5035,361.9
5036,361.9
5037,361.9
5038,260.6
5039,361.3
5040,186.7
5041,94.7053
5042,371.9
5043,280.05
5044,371.9
5045,364.45
5046,363.85
5047,365.6553
5048,187.9212
5049,92.9
5050,361.9
5051,361.9
5052,361.9
5053,434.85
5054,254.9053
5055,255.0553
5056,364.4818
5057,343.8295
5058,257.3
5059,255.65
5060,269.5
5061,348.7
5062,92.6053
5063,339.4
5064,339.4
5065,339.4
5066,361.4553
5067,349.15
5068,364.75
5069,348.55
5070,436.95
5071,339.4
5072,187.0053
5073,257.6053
5074,258.2
5075,363.85
5076,339.4
5077,339.5553
5078,186.7212
5079,186.7
5080,184
5081,184
5082,184.3053
5083,188.7136
5084,255.2106
5085,361.9
5086,361.3
5087,361.4553
5088,363.7159
5089,361.9
5090,361.9
5091,269.3
5092,184.9053
5093,361.75
5094,350.8
5095,190.5348
5096,254.9053
5097,191.5583
5098,361.9106
5099,187.0053
5100,363.85
5101,280.05
5102,186.4159
5103,194.0643
5104,255.5159
5105,282.3
5106,188.5053
5107,279.4712
5108,278.8606
5109,376.8553
5110,369.3348
5111,364.45
5112,280.5
5113,372.8
5114,371.9
5115,361.9
5116,340
5117,339.4
5118,434.4
5119,185.0659
5120,185.6765
5121,351.4
5122,339.5553
5123,339.5553
5124,343.45
5125,187.0265
5126,339.25
5127,371.3
5128,254.9053
5129,371.9
5130,372.8
5131,254.9053
5132,365.6553
5133,257.6053
5134,188.5053
5135,188.2265
5136,362.65
5137,372.65
5138,367.1818
5139,363.8871
5140,172.4227
5141,361.15
5142,184.6106
5143,371.4
5144,92.9106
5145,280.95
5146,371.75
5147,371.75
5148,371.75
5149,187.9212
5150,278.2659
5151,285.9901
5152,278.5553
5153,257.6053
5154,362.5053
5155,363.85
5156,364.7553
5157,350.8
5158,278.25
5159,361.9
5160,365.3
5161,280.65
5162,341.5106
5163,339.8606
5164,281.5606
5165,254.6
5166,361.75
5167,363.85
5168,362.0659
5169,364.45
5170,365.35
5171,184.6106
5172,361.9
5173,361.9
5174,361.15
5175,186.7
5176,361.75
5177,361.75
5178,361.75
5179,186.7
5180,371.9
5181,185.8053
5182,186.8
5183,361.15
5184,372.2
5185,339.4
5186,361.9
5187,352.45
5188,372.35
5189,361.75
5190,371.3
5191,339.4
5192,184.6
5193,364.45
5194,373.85
5195,361.3
5196,363.4212
5197,188.5053
5198,371.75
5199,371.75
5200,371.75
5201,185.5265
5202,186.7
5203,186.7
5204,371.3
5205,93.8265
5206,93.8265
5207,371.75
5208,371.75
5209,372.2
5210,185.9818
5211,361.7606
5212,361.75
5213,363.1159
5214,363.1
5215,363.85
5216,361.15
5217,362.2
5218,348.7
5219,348.7
5220,363.25
5221,361.75
5222,362.65
5223,191.5901
5224,189.453
5225,362.9553
5226,281.2553
5227,260.6
5228,362.35
5229,185.65
5230,371.9
5231,187.8136
5232,187.3
5233,361.75
5234,362.3606
5235,361.75
5236,361.75
5237,361.75
5238,361.75
5239,362.3606
5240,361.3
5241,280.05
5242,340.75
5243,280.95
5244,278.25
5245,185.5
5246,361.9
5247,361.9
5248,348.5553
5249,186.7
5250,188.5053
5251,186.7
5252,351.1053
5253,92.9
5254,255.0553
5255,362.0553
5256,363.2606
5257,185.8053
5258,363.85
5259,185.15
5260,361.4553
5261,365.35
5262,365.35
5263,339.4
5264,361.15
5265,362.9553
5266,363.85
5267,278.25
5268,361.75
5269,362.8
5271,372.35
5272,363.7
5273,276.9
5274,361.9
5275,348.5553
5276,185.3553
5277,184.6106
5278,364.45
5279,339.4
5280,341.9977
5281,276.75
5282,363.85
5283,361.75
5284,365.35
5285,188.5053
5286,362.65
5287,187.75
5288,257.0106
5289,184.9159
5290,187.1871
5291,361.9
5292,361.3
5293,340
5294,280.95
5295,188.2
5296,271.8
5297,184.3053
5298,365.6818
5299,92.3
5300,373.85
5301,184.3053
5302,363.85
5303,351.4
5304,361.9
5305,361.3
5306,371.9
5307,188.2265
5308,364.45
5309,361.6053
5310,282.1977
5311,339.4
5312,185.5
5313,365.703
5314,361.4553
5315,184.15
5316,434.4
5317,279.7553
5318,435
5319,363.85
5320,434.4
5321,93.2053
5322,365.35
5323,188.5053
5324,188.2
5325,365.9606
5326,374.6
5327,372.8
5328,285.2719
5329,365.35
5330,364.45
5331,185.8053
5332,184.9053
5333,364.4606
5334,184
5335,365.3659
5336,365.3659
5337,365.3659
5338,184.3053
5339,184.3053
5340,188.5053
5341,188.2
5342,188.2
5343,185.5
5344,361.15
5345,361.3
5346,361.3
5347,361.3
5348,361.3
5349,361.9
5350,361.15
5351,364.9
5352,362.35
5353,188.2
5354,361.3
5355,371.9
5356,362.35
5357,362.2
5358,363.85
5359,365.9765
5360,270.05
5361,365.6553
5362,185.8318
5363,186.7
5364,186.7
5365,361.9
5366,361.9
5367,361.9
5368,361.9
5369,361.9
5370,361.9
5371,361.9
5372,361.9
5373,361.9
5374,285.9901
5375,434.4
5376,361.9
5377,361.75
5378,361.75
5379,186.7
5380,363.1053
5381,361.9
5382,361.75
5383,184.3053
5384,436.95
5385,361.9
5386,281.7371
5387,184.6106
5388,277.3606
5389,186.7
5390,365.35
5391,364.45
5392,361.3
5393,361.3
5394,295.765
5395,188.2
5396,188.2
5397,188.2
5398,186.7
5399,186.7
5400,271.55
5401,365.35
5402,365.35
5403,361.9
5404,339.8606
5405,361.7606
5406,339.5553
5407,184.9053
5408,339.25
5409,372.6553
5410,184
5411,340.7765
5412,366.2659
5413,187.6053
5414,254.6
5415,361.9
5416,372.35
5417,348.7
5418,187.6159
5419,365.35
5420,361.9
5421,362.3712
5422,361.9
5423,186.8818
5424,92.3106
5425,186.7
5426,364.45
5427,361.3
5428,339.85
5429,184.3053
5430,339.4
5431,281.7053
5432,348.7
5433,363.95
5434,366.5712
5435,362.8
5436,363.85
5437,363.85
5438,187.0053
5439,361.75
5440,184.9053
5441,362.65
5442,371.9
5443,371.9
5444,371.9
5445,361.3
5446,274.0871
5447,376.55
5448,376.55
5449,184.3053
5450,365.0606
5451,188.2
5452,362.65
5453,187.3
5454,280.95
5455,361.7606
5456,361.75
5457,364.45
5458,363.85
5459,94.5712
5460,187.75
5461,188.5053
5462,361.9
5463,365.35
5464,374.45
5465,255.2106
5467,187.0053
5468,373.25
5469,278.25
5470,280.95
5471,280.95
5472,280.95
5473,278.25
5474,186.7
5475,186.7
5476,279.3106
5477,186.7
5478,361.4
5479,361.9
5480,279.0159
5481,361.9
5482,93.2159
5483,364.4606
5484,361.9
5485,373.7318
5486,342.55
5487,188.5053
5488,187.9106
5489,184.6106
5490,340
5491,186.7
5492,185.5265
5493,364.45
5494,361.9
5495,375.95
5496,254.9053
5497,362.35
5498,377.1606
5499,187.0053
5500,189.2606
5501,361.3
5502,162.9
5503,374.0265
5504,364.45
5505,269
5506,362.2
5507,185.05
5508,375.95
5509,187.6053
5510,362.35
5511,361.9
5512,361.9
5513,361.9
5514,434.4
5515,364.6424
5516,365.9606
5517,255.8053
5518,187.0053
5519,371.9
5520,364.45
5521,188.5053
5522,187.0053
5523,363.85
5524,255.2106
5525,185.05
5526,184.4553
5527,184.3053
5528,437.5765
5529,363.5659
5530,187.3
5531,187.0053
5532,186.7
5533,255.0553
5534,365.35
5535,185.05
5536,341.5371
5537,278.7053
5538,270.05
5539,364.9
5540,362.35
5541,184.9159
5542,364.45
5543,184.9053
5544,371.3
5545,363.1
5546,364.1553
5547,436.95
5548,340.4712
5549,184.3053
5550,351.7053
5551,363.85
5552,371.9
5553,371.9
5554,362.2
5555,371.9
5556,188.2
5557,188.5053
5558,188.2
5559,102.0696
5560,374.45
5561,257.6053
5562,364.45
5563,348.25
5564,271.8818
5565,361.9
5566,254.4553
5567,362.9553
5568,362.3712
5569,184.6
5570,282.9371
5571,340.9
5572,361.9
5573,435.3
5574,364.7553
5575,280.75
5576,351.4212
5577,363.85
5578,363.1159
5579,363.85
5580,363.85
5581,363.85
5582,364.1553
5583,94.1212
5584,190.0477
5585,254.9053
5586,362.3606
5587,376.8553
5588,194.0272
5589,177.15
5590,362.8
5591,255.0553
5592,187.0053
5593,270.0712
5594,364.45
5595,92.9212
5596,362.0553
5597,270.6818
5598,362.2
5599,189.753
5600,371.9
5601,257.6053
5602,365.3659
5603,187.9106
5604,281.2606
5605,270.6818
5606,271.8553
5607,364.1765
5608,366.4265
5609,187.9106
5610,362.6659
5611,3.053
5612,361.9
5613,184.9053
5614,269.1553
5615,366.2659
5616,188.2
5617,93.6553
5618,93.5212
5619,188.8106
5620,860.1352
5621,859.8299
5622,496.207
5623,451.0332
5624,351.7053
5625,361.9
5626,186.7
5627,365.2053
5628,92.6159
5629,280.05
5630,364.45
5631,282.9371
5632,361.3
5633,361.9
5634,269.1553
5635,342.55
5636,362.65
5637,187.9212
5638,188.2
5639,187.5083
5640,184.6
5641,188.8106
5642,189.4477
5643,363.25
5644,278.3143
5645,187.3
5646,97.1477
5647,364.7553
5648,189.1636
5649,188.5053
5650,361.7606
5651,93.8265
5652,190.3371
5653,255.0553
5654,361.9
5655,371.75
5656,255.0553
5657,365.65
5658,187.0053
5659,92.3106
5660,93.8265
5661,361.3
5662,187.0053
5663,92.9106
5664,184.15
5665,435
5666,365.0606
5667,366.3136
5668,371.75
5669,361.15
5670,361.9
5671,187.0053
5672,362.9818
5673,187.0053
5674,340.3053
5675,186.5659
5676,362.2
5677,371.75
5678,371.25
5679,184.6106
5680,362.9712
5681,193.4166
5682,435
5683,189.0242
5684,361.4
5685,365.3659
5686,250.8712
5687,188.5053
5688,255.0553
5689,188.8106
5690,256.1106
5691,187.3106
5692,363.1
5693,371.2143
5694,363.85
5695,361.9
5696,364.45
5697,187.9212
5698,340.8053
5699,364.7553
5700,254.75
5701,186.7
5702,435
5703,186.1265
5704,188.6659
5705,364.45
5706,365.0606
5707,364.4606
5708,341.5106
5709,436.8318
5710,361.75
5711,361.75
5712,361.75
5713,255.0553
5714,343.15
5715,341.1106
5716,269.3
5717,361.15
5718,379.8272
5719,351.2765
5720,187.0053
5721,379.8272
5722,364.1553
5723,186.7
5724,248.05
5725,255.3606
5726,340
5727,187.8136
5728,435.3053
5729,248.15
5730,248.05
5731,361.9
5732,361.75
5733,361.3
5734,340.5
5735,351.8106
5736,185.9712
5737,374.45
5738,341.1106
5739,340.5
5740,348.65
5741,340.5
5742,371.9
5743,361.3
5744,361.3
5745,340.3053
5746,271.8553
5747,257.6053
5748,340.5
5749,282.0212
5750,187.0053
5751,254.9053
5752,340.5
5753,361.9
5754,340.5
5755,255.0553
5756,364.7871
5757,361.75
5758,187.203
5759,361.3
5760,362.8265
5761,187.7818
5762,278.7
5763,361.9
5764,365.35
5765,186.7
5766,366.7159
5767,362.3712
5768,361.9
5769,185.8053
5770,268.85
5772,339.85
5773,363.8712
5774,362.65
5775,185.6765
5776,187.9212
5777,365.1083
5778,362.8106
5779,189.4848
5780,187.0265
5781,186.7
5782,340.3053
5783,362.35
5784,362.9818
5785,340.8053
5786,254.4553
5787,184.6106
5788,364.803
5789,271.55
5790,186.7
5791,361.4553
5792,255.0553
5793,361.75
5794,361.75
5795,362.65
5796,185.8053
5797,187.0053
5798,340.35
5799,279.0159
5800,269.7659
5801,339.25
5802,424.9
5803,434.4
5804,361.75
5805,188.6659
5806,99.6272
5807,273.0765
5808,361.3
5809,361.3
5810,371.9
5811,371.9
5812,361.9
5813,361.75
5814,185.65
5815,93.5212
5816,364.45
5817,195.6772
5818,343.15
5819,255.0553
5820,94.7053
5821,248.15
5822,362.9553
5823,361.75
5824,92.3106
5825,185.3606
5826,365.6818
5827,94.1424
5828,340
5829,354.4
5830,189.1159
5832,361.9106
5833,184.15
5834,184.75
5835,434.4
5836,187.0053
5837,186.4159
5838,270.75
5839,364.45
5840,278.7
5841,434.4
5842,361.7606
5843,185.5159
5844,340.2053
5845,187.3
5846,281.4
5847,282.3
5848,363.85
5849,361.75
5850,254.9053
5851,361.3
5852,92.6159
5853,92.3106
5854,268.85
5855,255.3606
5856,362.9712
5857,92.9106
5858,434.85
5859,282.3
5860,366.5712
5861,254.9053
5862,362.0553
5863,284.9348
5864,435
5865,187.203
5866,295.9256
5867,186.7
5868,425.4
5869,364.9
5870,363.95
5871,362.8
5872,188.2
5873,364.4818
5874,189.4159
5875,362.65
5876,255.0553
5877,187.9212
5878,362.65
5879,374.3318
5880,186.2606
5881,371.45
5882,283.3606
5883,269.1553
5884,194.8037
5885,93.8159
5886,364.1553
5887,361.75
5888,186.4106
5889,187.0265
5890,187.3318
5891,185.0659
5892,376.1636
5893,271.55
5894,363.8712
5897,365.6553
5898,365.5106
5899,351.4
5900,365.5106
5901,186.7
5902,187.3106
5903,190.3848
5904,436.9712
5905,190.3848
5906,92.0053
5907,188.65
5908,188.2
5909,186.2871
5910,272.4659
5911,367.0212
5912,95.6212
5913,361.75
5914,361.75
5915,361.75
5916,351.4
5917,187.0053
5918,272.7712
5919,279.0106
5920,279.0106
5921,279.0106
5922,279.0106
5923,278.7053
5924,185.8318
5925,340.0106
5927,371.4
5928,189.7795
5929,361.75
5930,268.85
5931,366.903
5932,363.85
5933,362.6659
5934,361.75
5935,95.3636
5937,361.75
5938,434.8606
5939,94.2659
5940,278.8553
5941,368.7348
5942,186.1371
5943,272.5606
5944,255.0553
5945,278.7053
5946,362.3606
5947,364.1924
5948,272.5606
5949,352.3159
5950,365.9606
5951,188.5053
5952,448.3818
5953,94.4
5954,95.9265
5955,363.2871
5956,184.9053
5957,255.5159
5958,94.7053
5959,191.8901
5960,365.35
5961,94.4477
5962,163.6818
5963,187.6053
5964,94.4
5965,362.8
5966,361.9
5967,361.9
5968,93.6553
5969,341.5265
5970,280.0606
5971,187.3106
5972,361.15
5973,434.4
5974,363.85
5975,365.0106
5976,190.1924
5977,365.0606
5978,269.45
5979,269.45
5980,435
5981,435
5982,366.903
5983,254.4553
5984,434.4
5985,188.5053
5986,188.8742
5987,93.8
5988,377.6106
5989,364.1553
5990,364.1553
5991,364.1553
5992,363.85
5993,363.85
5994,363.85
5995,365.0606
5996,361.75
5997,258.8106
5998,188.4242
5999,184.4053
6000,187.9106
6001,277.3772
6002,364.4606
6003,363.85
6004,186.7
6005,94.4106
6006,93.5212
6007,185.05
6008,279.3159
6009,187.0053
6010,340.0106
6011,361.4553
6012,185.8053
6013,361.3
6014,187.3106
6015,187.9212
6016,184.9053
6017,361.75
6018,254.9053
6019,362.65
6020,361.9
6021,92.9
6022,187.3318
6023,92.9212
6024,188.8106
6025,163.2053
6026,361.9
6027,186.7
6028,364.45
6029,364.45
6030,185.8053
6031,185.8053
6032,185.8053
6033,185.8053
6034,185.8053
6035,361.75
6036,95.3159
6037,271.55
6038,271.55
6039,361.75
6040,361.15
6041,184.6106
6042,188.0553
6043,272.6083
6044,364.4606
6045,94.4106
6046,93.2053
6047,185.2212
6048,95.6212
6049,185.8318
6050,361.15
6051,184.3053
6052,91.7
6053,361.75
6054,361.75
6055,94.4
6056,278.4
6057,186.7159
6058,185.8318
6059,91.7
6060,361.9
6061,361.9
6062,361.9
6063,361.9
6064,186.4106
6065,188.65
6066,361.4553
6067,92.3106
6068,98.9795
6069,361.75
6070,362.65
6071,94.7424
6072,364.45
6073,269.4606
6074,186.7
6075,271.55
6076,271.55
6077,271.55
6078,280.9553
6079,361.7606
6080,189.7265
6081,339.25
6082,371.75
6083,254.6106
6084,184.6106
6085,187.9106
6086,272.8659
6087,190.3371
6088,186.7
6089,184.3053
6090,353.2553
6091,364.7553
6092,92.3106
6093,185.8318
6094,187.6053
6095,162.0053
6096,269.7659
6097,96.2318
6098,184.9159
6099,269
6100,361.3
6101,187.6636
6102,189.2765
6103,184.4553
6104,273.0765
6105,361.9
6106,361.9
6107,361.9
6108,279.75
6109,340.1659
6110,342.2553
6111,187.0053
6112,184.7606
6113,339.4
6114,278.25
6115,364.9
6116,272.1606
6117,272.4659
6118,93.2159
6119,187.0053
6120,187.9689
6121,189.1318
6122,361.9
6123,361.9
6124,361.9
6125,361.9
6126,361.9
6127,257.3
6128,361.7606
6129,364.45
6130,365.35
6131,188.5053
6132,258.5053
6133,187.3
6134,361.9
6135,187.3106
6136,270.5265
6137,187.0053
6138,273.6871
6139,99.4825
6140,270.2212
6141,188.8371
6142,363.85
6143,364.45
6144,363.4106
6145,184.7606
6146,362.2
6147,361.9
6148,364.45
6149,361.25
6150,363.2765
6151,187.3106
6152,364.45
6153,339.4
6154,364.45
6155,435.1553
6156,187.0053
6157,361.25
6158,191.8901
6159,365.2053
6160,362.2
6161,271.8553
6162,364.3265
6163,187.0053
6164,364.9
6165,269
6166,371.9
6167,361.3
6168,275.8242
6169,364.4606
6170,361.9
6171,186.2871
6172,271.55
6173,271.55
6174,271.8553
6175,187.3
6176,268.85
6177,184.9053
6178,269
6179,364.7553
6180,361.9
6181,188.5053
6182,6.4113
6183,364.4606
6184,362.3712
6185,362.8106
6186,185.2106
6187,363.85
6188,95.9265
6189,188.5
6190,94.4
6191,271.55
6192,271.8553
6193,94.4
6194,362.35
6195,361.15
6196,190.3636
6197,362.2
6198,185.8053
6199,371.9
6200,346.8242
6201,278.1
6202,361.6
6203,365.35
6204,361.75
6205,282.15
6206,364.9
6207,188.2
6208,361.6
6209,375.65
6210,271.8553
6211,94.4
6212,186.7
6213,188.2
6214,348.4053
6215,94.4
6216,188.2477
6217,271.1371
6218,185.6659
6219,189.4477
6220,364.7553
6222,184
6223,435
6224,366.2659
6225,189.4477
6226,367.8189
6227,365.35
6228,93.5106
6229,188.2
6230,365.35
6232,187.9212
6233,185.0553
6234,339.85
6235,187.0053
6236,362.35
6238,279.15
6239,271.6
6240,92.3
6241,361.9
6242,269
6243,361.9
6244,188.2
6245,259.1159
6246,93.2265
6247,361.9
6248,361.9
6249,271.55
6250,366.2659
6251,361.9
6252,187.0053
6253,188.5318
6254,95.0106
6255,361.9
6256,364.1553
6257,155.25
6258,361.9
6259,361.75
6260,361.75
6261,364.45
6262,361.9
6263,271.55
6264,361.9
6265,362.2
6266,184.9053
6267,280.05
6268,280.05
6269,372.35
6270,363.85
6271,364.45
6272,184.6
6273,361.15
6274,361.9
6275,363.85
6276,363.85
6277,361.9
6278,279.9053
6279,184
6280,272.4659
6281,92.3106
6282,184.9053
6283,364.45
6284,189.4159
6285,361.75
6286,361.9
6287,340.1553
6288,365.3659
6289,186.4424
6290,363.85
6291,257.6053
6292,365.0606
6293,215.7406
6294,192.8431
6295,365.0606
6296,365.0712
6297,268.85
6298,190.4818
6299,365.2053
6300,186.7
6301,361.9
6302,447.45
6303,362.2
6304,269.9553
6305,184.9159
6306,95.0106
6307,364.7553
6308,364.0265
6309,362.2053
6310,271.9053
6311,364.7553
6312,362.35
6313,349.3
6314,348.7
6315,185.6765
6316,188.0553
6317,435
6318,349.3
6319,187.653
6320,361.9
6321,361.9
6322,365.3659
6323,361.9
6324,361.9
6325,365.0606
6326,362.2
6327,362.2
6328,257.6053
6329,186.7212
6330,361.7
6331,163.2053
6332,434.4
6333,184.9053
6334,349.3
6335,367.2083
6336,255.6659
6337,97.453
6338,188.5053
6339,179.0765
6340,179.6871
6341,435
6342,434.7053
6343,188.5212
6344,364.45
6345,365.5106
6346,363.85
6347,361.9
6348,187.0053
6349,365.0606
6350,188.5318
6351,189.5818
6352,368.1136
6353,187.6159
6354,365.8
6355,189.4477
6356,362.8265
6357,187.0053
6358,365.35
6359,365.8
6360,272.4659
6361,185.2212
6362,185.2106
6363,361.3
6364,185.0553
6365,363.2765
6366,187.3106
6367,365.2053
6368,365.3659
6369,363.1
6370,339.85
6371,282.0212
6372,188.5318
6373,254.4553
6374,185.5159
6375,364.1477
6376,367.3424
6377,187.6159
6378,255.2106
6379,365.0712
6380,255.0553
6381,184.3053
6382,271.8553
6383,361.15
6384,366.6189
6385,342.65
6386,363.2606
6387,92.9106
6388,363.85
6389,361.9
6390,270.3659
6391,270.6606
6392,188.0553
6393,371.9
6394,361.3
6395,361.75
6397,364.4606
6398,94.4265
6399,373.9143
6400,365.2053
6401,187.0053
6402,188.2265
6403,94.4371
6404,365.3659
6405,364.4606
6406,362.2
6407,281.7159
6408,434.4
6409,364.803
6410,364.7553
6411,257.0053
6412,362.5106
6413,369.0295
6414,364.1553
6415,371.9
6416,342.55
6417,272.1606
6418,190.6424
6419,187.3106
6420,187.0053
6421,269.45
6422,270.05
6423,254.9053
6424,364.45
6425,361.7606
6426,361.7606
6427,195.0613
6428,282.7871
6429,94.2659
6430,363.85
6431,362.2
6432,371.3
6433,259.8659
6434,362.3712
6435,259.4371
6436,281.5659
6437,434.55
6438,190.5295
6439,362.2
6440,435.8
6441,361.3
6442,362.5106
6443,364.9636
6444,364.803
6445,362.3606
6446,185.5265
6447,361.9
6448,361.9
6449,361.3
6450,361.9
6451,237.851
6452,367.953
6453,370.8613
6454,361.75
6455,362.3712
6456,91.7
6457,362.8
6458,362.8
6459,92.6159
6460,365.9871
6461,363.95
6462,364.7659
6463,365.8
6464,362.6659
6465,93.2265
6466,268.85
6467,363.85
6468,349.7659
6469,362.3606
6470,189.7742
6471,364.3371
6472,362.3712
6473,269.7659
6474,446.7
6475,371.75
6476,371.75
6477,364.45
6478,362.8
6479,185.5265
6480,435
6481,370.9901
6482,361.15
6483,187.3106
6484,361.75
6485,271.8553
6486,185.95
6487,435
6488,434.4
6489,364.45
6490,366.0242
6491,361.75
6492,287.9772
6493,270.3553
6494,189.4159
6495,361.75
6496,361.9
6497,361.7606
6498,187.0053
6499,340
6500,361.75
6501,344.3659
6502,191.5848
6503,189.4477
6504,189.4477
6505,187.9212
6506,362.5053
6507,365.4136
6508,361.15
6509,189.1424
6510,186.8977
6511,110.618
6512,187.9212
6513,361.15
6514,282.6636
6515,362.2
6517,366.5977
6518,247.65
6519,362.8
6520,434.4
6521,434.4
6522,434.4
6523,361.9
6524,361.3
6525,361.75
6526,361.75
6527,361.15
6528,361.4553
6529,192.806
6530,190.0583
6531,371.75
6532,268.85
6533,362.5106
6534,269.6106
6535,249.8477
6536,366.9659
6537,268.85
6538,362.0553
6539,361.75
6540,398.2307
6541,279.6
6542,362.35
6543,272.7977
6544,366.9659
6545,371.9
6546,94.7053
6547,339.5553
6548,186.1106
6549,363.85
6550,94.1318
6551,361.3
6552,361.3
6553,361.3
6554,361.3
6555,361.3
6556,361.3
6557,361.3
6558,361.3
6559,371.9
6560,354.4
6561,371.9
6562,371.9
6563,361.7606
6564,361.3
6565,361.3
6566,361.3
6567,361.3
6568,361.3
6569,361.3
6570,361.3
6571,362.9553
6572,362.65
6573,361.3795
6574,1.5265
6575,371.9
6576,280.9553
6577,371.9
6578,268.85
6579,361.75
6580,255.5159
6581,255.0553
6582,361.3
6583,361.3
6584,189.5659
6585,283.703
6586,361.3
6587,322.792
6588,361.75
6589,371.9
6590,361.9
6591,254.6
6592,369.0295
6593,361.3
6594,362.35
6595,364.45
6596,364.45
6597,273.1242
6598,268.85
6599,185.0553
6600,362.35
6601,269.9159
6602,296.0687
6603,296.0687
6604,295.7634
6605,295.7634
6606,295.7634
6607,295.7634
6608,361.4
6609,186.2606
6610,364.45
6611,362.0553
6612,284.6779
6613,364.1553
6614,361.6
6615,361.9
6616,254.4553
6617,364.45
6618,361.9
6619,268.85
6620,361.9
6621,372.35
6622,434.4
6623,371.75
6624,364.75
6625,363.85
6626,93.2053
6627,92.9
6628,344.9712
6629,371.9
6630,272.1606
6631,371.75
6632,361.3
6633,361.9
6634,188.8106
6635,364.45
6636,364.45
6637,361.75
6638,271.55
6639,271.8553
6640,268.85
6641,280.5053
6642,362.6553
6643,102.0802
6644,256.4
6645,365.9871
6646,362.8
6647,279.6
6648,339.4
6649,364.45
6650,361.15
6651,187.6159
6652,364.45
6653,364.45
6654,363.85
6655,268.85
6656,248.7606
6657,339.85
6658,94.4
6659,361.9
6660,364.6265
6661,369.956
6662,361.9
6663,92.0053
6664,92.0053
6665,365.0712
6666,365.2053
6667,342.7
6668,271.8553
6669,349.3106
6670,365.0712
6671,96.7083
6672,94.7053
6673,364.45
6674,362.35
6675,257.6053
6676,270.5
6677,259.5871
6678,361.9
6679,364.7553
6680,361.15
6681,91.7
6682,435.6106
6683,184.9053
6684,364.45
6685,188.2
6686,364.7659
6687,188.35
6688,95.0583
6689,365.8
6690,187.6159
6691,372.8
6692,361.3
6693,255.2106
6694,271.9053
6695,269.4606
6696,362.2
6697,362.2
6698,362.2
6699,362.2
6700,362.2
6701,184.6
6702,350.1931
6703,254.75
6704,273.0765
6705,269.1553
6706,371.9
6707,361.75
6708,364.0477
6709,269.65
6710,362.8
6711,371.9
6712,371.9
6713,433.8
6714,434.4
6715,185.9659
6716,363.85
6717,365.35
6718,185.3606
6719,269.45
6720,369.0401
6721,361.9
6722,363.4212
6723,350.0553
6724,362.2053
6725,342.55
6726,280.05
6727,257.9106
6728,187.0053
6729,274.2977
6730,362.8
6731,270.3606
6732,282.0212
6733,187.6159
6734,272.4659
6735,273.95
6736,94.7053
6737,361.75
6738,361.75
6739,361.75
6740,254.9053
6741,254.9053
6742,365.0606
6743,363.85
6744,165.0106
6745,186.1106
6746,190.3636
6747,191.4136
6748,364.45
6749,364.45
6750,97.6242
6751,364.9136
6752,268.7265
6753,270.05
6754,254.9053
6755,188.5318
6756,188.5318
6757,348.7
6758,362.9818
6759,95.3159
6760,270.05
6761,185.5265
6762,370.7007
6763,348.85
6764,361.9
6765,364.1553
6766,278.7106
6767,339.25
6768,92.4
6769,339.4
6770,377.6106
6771,184.9159
6772,367.0371
6773,342.55
6774,364.7553
6775,188.8371
6776,257.6053
6777,270.05
6778,343.15
6779,371.75
6780,361.9
6781,361.7
6782,361.9
6783,271.2553
6784,364.1553
6785,364.7659
6786,362.8
6787,362.8
6788,364.4606
6789,361.9
6790,189.1318
6791,361.75
6792,364.45
6793,95.3424
6794,186.4318
6795,247.55
6796,270.5
6797,258.5212
6798,348.7
6799,184.75
6800,366.2818
6801,340
6802,361.7606
6803,188.3606
6804,339.25
6805,362.2
6806,269.7659
6807,274.6507
6808,185.0553
6809,362.5053
6810,191.7189
6811,257.4106
6812,364.9
6813,361.15
6814,255.0553
6815,361.75
6816,7.6325
6817,361.75
6818,188.5053
6819,362.2053
6820,376.5659
6821,436.3
6822,257.6053
6823,184.9159
6824,94.4477
6825,361.9
6826,374.5355
6827,364.1553
6828,363.85
6829,184.9053
6830,361.75
6831,188.2265
6832,255.5159
6833,361.7606
6834,281.7159
6835,187.3106
6836,362.2
6837,363.5659
6839,185.65
6840,361.9
6841,272.4659
6842,95.0106
6843,361.3
6844,254.6
6845,186.1106
6846,254.6
6847,189.753
6849,281.5659
6850,187.6371
6851,271.55
6852,363.85
6853,271.55
6854,271.55
6855,271.8553
6856,91.7
6857,192.2431
6858,361.75
6859,186.1106
6860,370.0037
6861,362.0553
6862,187.6159
6863,186.7477
6864,435
6865,365.9871
6866,189.1318
6867,365.3765
6868,362.8
6869,362.0659
6870,361.9
6871,189.1318
6872,188.8371
6873,186.5924
6874,362.8
6875,362.2159
6876,373.2553
6877,271.9053
6878,184.9053
6879,362.8
6880,364.9
6881,188.2
6882,270.05
6883,362.65
6884,362.5106
6885,361.4553
6886,427.45
6887,362.65
6888,363.7159
6889,187.6053
6890,364.45
6891,187.6159
6892,187.0053
6893,363.8712
6894,361.15
6895,94.7053
6896,362.8
6897,362.65
6898,279.9053
6899,361.7606
6900,364.7553
6901,279.9053
6902,93.35
6903,366.5871
6904,185.2106
6905,361.7606
6906,361.75
6907,184.7606
6908,191.403
6909,271.8553
6910,188.2
6911,271.55
6912,93.9606
6913,92.9106
6914,364.1553
6915,269.3053
6916,366.8924
6917,364.45
6918,363.1053
6919,362.9553
6920,95.0106
6921,361.75
6922,281.4106
6923,94.4
6924,361.3
6925,362.5106
6926,361.15
6927,272.7712
6928,367.953
6929,362.2
6930,362.2053
6931,362.35
6932,361.9
6933,93.2159
6934,361.75
6935,361.75
6936,187.3106
6937,93.5106
6938,93.35
6939,186.1265
6940,107.2597
6941,364.7553
6942,188.2
6943,361.9
6944,6.106
6945,274.9083
6946,363.5924
6947,364.45
6948,361.15
6949,187.9371
6950,254.9053
6951,186.4159
6952,366.1742
6953,185.2212
6954,188.2265
6955,268.85
6956,361.75
6957,93.2053
6958,184.9053
6959,188.5053
6960,361.9
6961,362.9712
6962,272.1606
6963,188.2
6964,365.9606
6965,367.856
6966,187.3106
6967,187.0053
6968,365.6553
6969,361.3
6970,361.3
6971,272.7712
6972,270.9871
6973,362.0553
6974,366.1053
6975,371.9
6976,361.75
6977,373.85
6978,343.1606
6979,281.4
6980,342.55
6981,92.6159
6982,187.0212
6983,269.1553
6984,187.6636
6985,366.4265
6986,361.75
6987,364.4606
6988,364.45
6989,271.55
6990,361.75
6991,93.2053
6992,362.2
6993,271.55
6994,288.7378
6995,254.6
6996,163.5106
6997,362.0553
6998,288.7378
6999,361.15
7000,371.3
7001,185.5265
7002,340.3053
7003,446.5
7004,433.9606
7005,365.6553
7006,187.3106
7007,257.6053
7008,435.3053
7009,257.6053
7010,254.9053
7011,364.1765
7012,186.4424
7013,342.2553
7014,361.25
7015,274.1636
7016,340.1553
7017,186.7212
7018,188.8106
7019,361.75
7020,362.65
7021,361.9
7023,268.85
7024,281.7106
7025,349.3
7026,186.1106
7027,254.9053
7028,364.45
7029,361.15
7030,361.9
7031,364.45
7032,361.75
7033,361.3
7034,341.95
7035,343.15
7036,186.7
7037,270.05
7038,361.75
7039,270.05
7040,343.15
7041,269.8159
7042,363.85
7043,361.15
7044,361.75
7045,361.75
7046,185.5159
7047,187.0053
7048,364.7553
7049,185.2106
7050,254.9053
7051,255.0553
7052,281.4106
7053,375.9659
7054,187.0053
7055,434.2553
7056,254.6
7057,371.3
7058,339.4
7059,255.5159
7060,340.8553
7061,339.9553
7062,364.803
7063,184.9053
7064,364.7659
7065,437.2712
7066,184.9053
7067,255.8212
7068,364.1553
7069,364.45
7071,184.9159
7072,185.5265
7073,361.15
7075,255.5159
7076,270.3553
7077,187.6636
7078,365.0712
7079,190.0583
7080,361.75
7081,343.15
7082,349.0053
7083,361.4553
7084,184.3053
7085,361.75
7086,361.75
7087,361.75
7088,184.3053
7089,184
7090,277.0454
7091,363.25
7092,361.15
7093,364.45
7094,361.3
7095,365.0606
7096,185.8053
7097,342.7583
7098,366.7318
7099,434.25
7100,275.9242
7101,184.6106
7102,184.9053
7103,188.2
7104,362.3606
7105,362.3606
7106,371.9
7107,184.9053
7108,163.2053
7109,361.5553
7110,362.2053
7111,361.75
7112,371.8249
7113,361.75
7114,186.7371
7115,268.85
7116,185.9712
7117,362.3712
7118,377.1871
7119,362.3606
7120,361.75
7121,377.1871
7122,362.0553
7123,371.75
7124,361.9
7125,361.9
7126,361.9
7127,361.9
7128,362.8
7129,361.9
7130,361.9
7131,361.9
7132,361.9
7133,361.9
7134,361.3
7135,361.3
7136,361.3
7137,361.3
7138,186.2712
7139,275.9189
7140,190.6689
7142,362.6659
7143,255.5159
7144,190.6689
7145,339.5553
7146,361.75
7147,184.25
7148,254.3053
7149,364.1553
7150,184.6
7151,361.75
7152,364.7553
7153,371.75
7154,187.3159
7155,279.6159
7156,189.8712
7157,187.6159
7158,361.75
7159,186.7
7160,184.9053
7161,364.1553
7162,361.15
7163,364.4606
7164,364.6424
7165,372.6772
7166,363.95
7167,348.4053
7168,361.4553
7169,269
7170,361.25
7171,392.5853
7172,392.5853
7173,361.25
7174,281.4106
7175,362.0659
7176,361.75
7177,202.2756
7178,376.1
7179,362.65
7180,362.65
7181,362.65
7182,190.6689
7183,362.0659
7184,362.0659
7185,362.2053
7186,363.1159
7187,257.6053
7188,361.9
7189,255.9712
7190,361.4553
7191,368.1871
7192,93.35
7193,254.9053
7195,369.7848
7196,364.9371
7197,361.75
7198,361.15
7199,361.15
7200,406.901
7201,361.25
7202,361.15
7203,363.1053
7204,361.9
7205,361.75
7206,365.6712
7207,190.7166
7208,361.75
7209,187.1053
7210,187.9212
7211,377.4924
7212,270.05
7213,361.75
7214,270.05
7215,270.8053
7216,270.5
7217,270.5
7218,365.35
7219,365.35
7220,361.15
7221,185.8212
7222,362.65
7223,187.9159
7224,270.05
7225,368.5477
7226,184.6106
7227,372.35
7228,371.75
7229,361.75
7230,361.75
7231,280.05
7232,365.35
7233,361.9
7234,366.7159
7235,365.35
7236,287.9401
7237,364.7659
7238,363.1106
7239,340.3053
7240,187.6159
7241,362.9553
7242,185.8053
7243,185.8053
7244,254.4053
7245,361.75
7246,361.75
7247,366.1053
7248,188.2265
7249,340
7250,361.75
7251,364.7871
7252,187.9106
7253,364.45
7254,364.45
7255,364.45
7256,188.2265
7257,361.15
7258,362.65
7259,357.1371
7260,361.9
7261,362.8106
7262,366.1212
7263,361.75
7264,270.95
7265,190.3636
7266,362.8106
7267,270.05
7268,362.3053
7269,185.8053
7270,363.85
7271,364.45
7272,366.4742
7273,187.0053
7274,361.9
7275,189.5712
7276,362.2053
7277,362.2053
7278,254.9053
7279,374.45
7280,362.2
7281,365.0924
7282,365.6818
7283,187.0053
7284,339.85
7285,362.3606
7286,368.5636
7287,365.0924
7288,361.15
7289,361.15
7290,365.6818
7291,272.1606
7292,361.9
7293,270.05
7294,272.5136
7295,185.6659
7296,373.7106
7297,368.5477
7298,365.7189
7299,362.2
7300,361.9
7301,362.2
7302,340
7303,257.3
7304,364.4606
7305,361.75
7306,372.5
7307,372.5
7308,371.9
7309,188.8106
7310,364.1553
7311,361.75
7312,372.5
7313,270.5
7314,366.2924
7315,274.9348
7316,270.05
7317,361.75
7318,361.15
7319,361.75
7320,364.45
7321,362.65
7322,94.753
7323,93.2265
7324,362.8106
7325,371.9
7326,267.65
7327,361.25
7328,361.3
7329,371.75
7330,255.0553
7331,186.4159
7332,362.65
7333,362.1659
7334,362.6659
7335,366.9401
7336,361.75
7337,364.45
7338,256.4
7339,271.55
7340,362.6765
7341,362.8
7342,187.1712
7343,185.3553
7344,188.2318
7345,268.85
7346,365.0712
7347,283.2318
7348,281.8606
7349,181.4742
7350,254.75
7351,361.9
7352,364.45
7353,361.9
7354,361.9
7355,361.9
7356,361.9
7357,361.4553
7358,362.2053
7359,361.9
7360,361.9
7361,185.9553
7362,268.85
7363,268.85
7364,362.65
7365,92.0053
7366,280.3553
7367,366.4106
7368,184.9159
7369,269.1553
7370,362.65
7371,254.9053
7372,349.0053
7373,375.9553
7374,352.6689
7375,362.6659
7376,376.0136
7377,381.8521
7378,361.75
7379,365.6553
7380,188.5318
7381,188.2159
7382,188.8106
7383,361.9
7384,361.9
7385,361.9
7386,361.9
7387,361.9
7388,361.9
7389,361.9
7390,361.9
7391,361.9
7392,361.9
7393,361.9
7394,185.5
7395,363.8977
7396,185.5
7397,371.9
7398,247.55
7399,92.9
7400,349.0053
7401,254.3053
7402,365.8
7403,278.85
7404,187.3265
7405,274.0401
7406,92.9212
7407,433.95
7408,254.9053
7409,361.75
7410,361.75
7411,180.7818
7412,339.85
7413,361.9
7414,201.6279
7415,379.0189
7416,185.2212
7417,95.3159
7418,91.7
7419,371.1772
7420,280.05
7421,362.65
7422,362.6659
7423,341.5553
7424,257.9106
7425,352.6053
7426,184.1
7427,254.9053
7428,371.9
7429,371.9
7430,361.15
7431,365.1189
7432,273.9924
7433,188.0924
7434,188.8106
7435,461.4765
7436,185.3606
7437,188.0924
7438,446.2
7439,341.8606
7440,269.3053
7441,362.05
7442,270.2212
7443,348.4053
7444,254.3053
7445,254.6
7446,189.2606
7447,184.6106
7448,361.15
7449,361.75
7450,364.9
7451,364.7553
7452,364.7553
7453,187.6053
7454,187.3
7455,254.3053
7456,267.05
7457,188.5106
7458,364.7553
7459,257.3053
7460,269
7461,362.9712
7462,254.9053
7463,361.75
7464,269.9159
7465,254.9053
7466,272.1606
7467,279
7468,254.3053
7469,364.4606
7470,271.8553
7471,94.4371
7472,339.8606
7473,361.9
7474,361.3
7475,278.7
7476,280.05
7477,254.9053
7478,339.2053
7479,362.2
7480,254
7481,361.75
7482,340.1659
7483,339.8053
7484,185.2106
7485,186.4212
7486,269.1553
7487,364.7553
7488,363.85
7489,363.7318
7490,348.7
7491,187.5083
7492,185.0659
7493,185.0659
7494,362.65
7495,187.15
7496,361.9
7497,361.3
7498,361.3
7499,277.6553
7500,258.2053
7501,187.6159
7502,271.8553
7503,373.85
7504,361.3
7505,271.55
7506,268.85
7507,351.4
7508,363.85
7509,187.7871
7510,187
7511,362.2
7512,269.1553
7513,184.75
7514,371.75
7515,371.75
7516,371.9
7517,187.6053
7518,435
7519,187.0424
7520,361.9
7521,363.95
7522,188.2636
7523,362.0659
7524,254.9159
7525,361.9
7526,361.9
7527,187.6159
7528,364.9
7529,185.2106
7530,257.6053
7531,364.45
7532,254.9053
7533,162.0053
7534,254.6
7535,362.2
7536,362.9553
7537,280.95
7538,349.0053
7539,349.0053
7540,256.4159
7541,277.35
7542,270.8318
7543,92.6053
7544,248.1606
7545,361.8606
7546,364.4606
7547,187.9583
7548,184.6
7549,361.75
7550,187.3
7551,351.4
7552,361.15
7553,361.15
7554,340.4606
7555,361.75
7556,361.75
7557,361.75
7558,361.15
7559,365.35
7560,271.55
7561,364.9
7562,364.9
7563,364.9
7564,272.1765
7565,361.9
7566,361.3
7567,361.9
7568,361.9
7569,95.3159
7570,340
7571,258.5053
7572,361.25
7573,280.05
7574,254.9053
7575,367.6954
7576,269.1553
7577,273.1606
7578,273.1606
7579,273.1606
7580,273.4659
7581,272.8553
7582,272.55
7583,255.3606
7584,365.9606
7585,275.556
7586,364.9
7587,186.5765
7588,362.65
7589,362.0553
7590,269
7591,268.85
7592,364.9
7593,258.5053
7594,282.3
7595,95.6212
7596,272.553
7597,92.3106
7598,362.1659
7599,371.6696
7600,440.75
7601,188.0871
7602,361.3
7603,344.3818
7604,364.45
7605,361.9
7606,361.9
7607,255.9553
7608,341.0712
7609,162.6053
7610,361.3
7611,272.4659
7612,361.75
7613,361.3
7614,362.8
7615,188.8106
7616,188.5053
7617,255.8053
7618,363.85
7619,280.3553
7620,93.2265
7621,185.8053
7622,187.0265
7623,361.9
7624,97.1583
7625,262.8553
7626,91.7
7627,268.85
7628,340.1659
7630,361.75
7632,247.7106
7633,272.5606
7634,361.75
7635,367.3954
7637,272.7712
7638,366.3553
7639,268.85
7640,185.8053
7641,254.9053
7642,188.8106
7643,362.8
7644,93.8371
7645,93.2265
7646,92.6159
7647,280.05
7648,268.85
7649,268.85
7650,254.9053
7651,363.85
7652,188.2742
7653,361.4553
7654,362.0553
7655,362.6765
7656,361.75
7657,361.75
7658,361.75
7659,371.4
7660,189.7212
7661,348.65
7662,187.6318
7663,187.3477
7664,257.6053
7665,363.85
7666,352.75
7667,268.85
7668,361.75
7669,185.3553
7670,91.7
7671,94.4477
7672,185.8212
7673,364.9
7674,361.4
7675,361.4
7676,364.45
7677,364.45
7678,190.3636
7679,254.9053
7680,93.5318
7681,254.6
7682,361.75
7683,272.7712
7684,185.2106
7685,364.45
7686,364.45
7687,94.4
7688,361.4
7689,186.1106
7690,361.75
7691,361.4553
7692,365.35
7693,361.3
7694,366.7159
7695,363.85
7696,361.15
7698,371.9
7699,361.75
7700,366.1053
7701,369.0772
7702,361.75
7703,361.75
7704,363.85
7705,361.75
7706,434.4
7707,374.45
7708,361.9
7709,371.75
7710,257.0053
7711,361.75
7712,369.4795
7713,363.4371
7714,361.25
7715,269.3053
7716,184.6
7717,372.2
7718,281.1
7719,279.15
7720,362.3712
7721,363.85
7722,371.9
7723,362.0553
7724,361.75
7725,365.0712
7726,364.4606
7727,361.75
7728,361.75
7729,269.1553
7730,361.75
7731,361.75
7732,185.5159
7733,362.65
7734,363.85
7735,434.4
7736,268.85
7737,272.55
7738,363.85
7739,362.8
7740,361.3
7741,362.0659
7742,361.9
7743,278.55
7744,371.9
7745,362.0553
7746,361.75
7747,364.45
7748,362.2053
7749,362.2
7750,361.75
7751,372.35
7752,363.2606
7753,269.1553
7754,362.2
7755,362.2
7756,362.2
7757,271.55
7758,371.75
7759,371.75
7760,361.9
7761,364.45
7762,361.75
7763,257.6053
7764,362.2
7765,365.5583
7766,363.4212
7767,184.6106
7768,364.7553
7769,362.2
7770,361.75
7771,447.6318
7772,361.75
7773,361.75
7774,361.75
7775,184.9053
7776,184.6
7777,371.15
7778,361.75
7779,361.9
7780,371.15
7781,274.7189
7782,279.0106
7783,371.9
7784,364.7871
7785,185.8053
7786,361.9
7787,186.1106
7788,361.75
7789,363.85
7790,361.75
7791,353.55
7792,187.6159
7793,186.4424
7794,361.75
7795,185.0553
7796,268.85
7797,361.9
7798,374.45
7799,361.75
7800,361.9
7801,187.0053
7802,372.2
7803,362.05
7804,361.75
7805,374.45
7806,366.0242
7807,361.9
7808,361.15
7809,371.9
7810,371.9
7811,361.9
7812,364.45
7813,448.85
7814,448.85
7815,371.9
7816,371.9
7817,371.9
7818,365.9765
7819,361.75
7820,92.6159
7821,374.45
7823,361.3
7824,361.9
7825,371.9
7826,191.3272
7827,361.4
7828,186.7
7829,364.45
7830,185.8053
7831,185.5
7832,339.85
7833,361.3
7834,361.3
7835,184.9159
7836,280.05
7837,280.05
7838,280.05
7839,271.55
7840,361.9
7841,185.2106
7842,372.5
7843,268.85
7844,268.85
7845,363.95
7846,279.6265
7847,361.15
7848,184.9053
7849,268.85
7850,361.9
7851,268.85
7852,364.7053
7853,184.6106
7854,362.0553
7855,189.4477
7856,362.0553
7857,361.75
7858,363.85
7859,435.9
7860,361.9
7861,361.9
7862,247.65
7863,189.1424
7864,187.9212
7865,184.6106
7866,278.1
7867,269.1553
7868,185.2106
7869,348.55
7870,362.2
7871,273.3818
7872,268.85
7873,185.2212
7874,362.2
7875,279
7876,364.7553
7877,268.85
7878,250.15
7879,361.75
7880,361.15
7881,361.75
7882,361.9
7883,361.15
7884,446.4
7885,270.35
7886,361.75
7887,366.6348
7888,271.55
7889,365.9765
7890,363.95
7891,95.3159
7892,367.3424
7893,93.8371
7894,254.6106
7895,362.3606
7897,278.4
7898,361.75
7899,362.0553
7900,361.75
7901,95.353
7902,270.05
7903,184.9053
7904,185.2212
7905,364.45
7906,178.1606
7907,341.3553
7908,186.7212
7909,95.6212
7910,371.9
7911,186.359
7912,94.4371
7913,184.9053
7914,273.1606
7915,424.4
7916,362.2
7917,362.5053
7918,361.75
7919,185.8053
7920,339.25
7921,282.7606
7922,185.2212
7923,187.3106
7924,184.75
7925,361.15
7926,361.15
7927,371.9
7928,94.1318
7929,371.9
7930,189.003
7931,364.1765
7932,187.6159
7933,95.353
7934,185.8053
7935,361.9
7936,362.0553
7937,257.6053
7938,361.3
7939,269.3053
7940,92.7659
7941,186.1106
7942,93.2265
7943,187.6053
7944,254.9053
7945,185.8318
7946,424.3
7947,355.6
7948,271.55
7949,340.3053
7950,377.4659
7951,362.9818
7952,184.3053
7953,363.4212
7954,365.5106
7955,361.9
7956,361.25
7957,363.2765
7958,361.75
7959,110.618
7960,361.75
7961,518.4
7962,95.9742
7963,93.2265
7964,361.15
7965,365.6712
7966,361.4553
7969,184.6106
7970,186.2553
7971,91.7
7972,365.8
7973,283.0818
7974,92.0053
7975,361.9
7976,365.8
7977,188.2
7978,361.4553
7979,371.75
7980,361.75
7981,92.6159
7982,361.75
7983,362.65
7984,374.9159
7985,182.4454
7986,368.8265
7987,187.3106
7988,371.9
7989,348.7
7990,361.9
7991,290.2325
7992,375.2159
7993,374.9106
7994,362.0659
7995,362.9553
7996,363.1
7997,361.75
7998,343.053
7999,342.55
8000,362.65
